ticker,name,feature_complete,exclusion_reason,price_momentum_3m,price_momentum_6m,volatility_20d,liquidity_20d,turnover_rate,drawdown_from_high,price_momentum_3m_norm,price_momentum_6m_norm,volatility_20d_norm,liquidity_20d_norm,turnover_rate_norm,drawdown_from_high_norm,scoring_eligible,composite_score,rank,selected,selection_reason,fallback_stage
069500,KODEX 200,True,,24.372652141247176,64.91661519456456,58.84193728686691,1618050305115.25,1.4444551910863221,-12.89660615627466,0.7621951219512195,0.7861635220125787,0.3428160987913501,1.0,0.7083333333333334,0.3112156707895325,True,0.6892685562188707,22,N,excluded_low_score,
360750,TIGER 미국S&P500,True,,-0.722094477389168,5.1260145237078225,10.9858791966681,271948177586.75,1.636307941030781,-3.330976510330741,0.25609756097560976,0.31446540880503143,0.7033284599716718,0.9640718562874252,0.8452380952380952,0.08038177459132456,True,0.4823943844754957,76,N,excluded_low_score,
396500,TIGER 반도체TOP10,True,,32.99535276721588,90.60305158634053,67.70003144789594,591621394801.5,2.076349368573314,-12.773621501801058,0.9207317073170732,0.9685534591194969,0.2760857292416642,0.9940119760479041,0.9523809523809523,0.3082478549723303,True,0.7865077405477848,2,Y,selected_top_n,
133690,TIGER 미국나스닥100,True,,-2.041974600423535,3.2051694206905346,13.551644692616755,106352543608.75,1.416276263550697,-4.523554603854385,0.1951219512195122,0.25157232704402516,0.6839998688989171,0.9281437125748503,0.7023809523809523,0.10916058560931363,True,0.43182674179475034,96,N,excluded_low_score,
379800,KODEX 미국S&P500,True,,-0.7239339630970232,5.142589995324909,10.571562227615349,307432954807.0,2.0371843595375494,-3.356108461174856,0.25,0.32075471698113206,0.7064496194392728,0.9700598802395209,0.9464285714285714,0.08098824863925813,True,0.4933690503548284,71,N,excluded_low_score,
488770,KODEX 머니마켓액티브,True,,0.7555577081416187,1.4681494488342661,0.12271323266878982,61492089957.5,1.0634657367171876,0.0,0.34146341463414637,0.22012578616352202,0.7851635664945215,0.8323353293413174,0.5476190476190477,0.0,True,0.4438509207602289,93,N,excluded_low_score,
102110,TIGER 200,True,,24.479362453950838,65.14063435068822,58.35190928164996,408189024805.5,1.4899443658927332,-12.830367484468773,0.7865853658536586,0.8113207547169812,0.3465076095478833,0.9760479041916168,0.7440476190476191,0.30961722601821207,True,0.7019895722670019,18,N,excluded_low_score,
229200,KODEX 코스닥150,True,,11.638880150990882,25.185185185185176,48.51288211463484,559183787835.5,1.5411607361753379,-15.900473933649284,0.524390243902439,0.5534591194968553,0.42062760725041903,0.9880239520958084,0.7738095238095238,0.38370379006453015,True,0.5950579623594422,49,N,excluded_low_score,
278530,KODEX 200TR,True,,23.815461346633416,65.36219816819317,58.395263280318574,37608206772.0,1.2960646677718515,-13.224584911156423,0.725609756097561,0.8364779874213837,0.34618101239278176,0.7245508982035929,0.6547619047619048,0.31913032112221584,True,0.6429775334914134,37,N,excluded_low_score,
379810,KODEX 미국나스닥100,True,,-1.9963332654308386,3.213764695786492,13.661904300620915,101885040643.5,1.7436526206510061,-4.479212166938018,0.20121951219512196,0.2578616352201258,0.6831692540674683,0.9221556886227545,0.875,0.10809053190044271,True,0.45104597529613943,88,N,excluded_low_score,
411060,ACE KRX금현물,True,,7.920110192837471,6.237288135593211,38.20818909883178,68097228147.25,0.7749384771126423,-17.286883082607552,0.4817073170731707,0.3584905660377358,0.4982555891323278,0.8502994011976048,0.2261904761904762,0.41716005352279406,True,0.48282860985031534,75,N,excluded_low_score,
091160,KODEX 반도체,True,,35.305017103762836,81.71898928024501,65.5270106179023,452956289458.5,2.1151827442008013,-9.933586337760914,0.9390243902439024,0.9308176100628931,0.292455670719888,0.9820359281437125,0.9583333333333334,0.2397132778958191,True,0.7788492400382047,4,Y,selected_top_n,
498400,KODEX 200타겟위클리커버드콜,True,,21.233455364685994,52.93072824156306,55.47889347270657,143066390462.25,1.7503582798406525,-12.402075490894294,0.6524390243902439,0.6981132075471698,0.3681507986095144,0.9580838323353293,0.8809523809523809,0.2992818572817467,True,0.6523129672916466,35,N,excluded_low_score,
273130,KODEX 종합채권(AA-이상)액티브,True,,-1.899917394895878,-3.8807241746538823,6.198796743984111,6414501967.75,1.0726897339299204,-1.899917394895878,0.21341463414634146,0.06289308176100629,0.739390820037543,0.25748502994011974,0.5595238095238095,0.04584803624553124,True,0.2866715686696871,134,N,excluded_low_score,
381170,TIGER 미국테크TOP10 INDXX,True,,-6.042692939244665,-1.4264057331863311,18.985165130972412,58344690681.0,0.8917524645082181,-8.448,0.0975609756097561,0.11320754716981132,0.6430677202655903,0.8263473053892215,0.375,0.20386371072910492,True,0.3302084270380214,119,N,excluded_low_score,
381180,TIGER 미국필라델피아반도체나스닥,True,,9.067248171074848,24.788732394366185,31.984125233117283,70500663152.5,1.5128716687512593,-1.7738359201773801,0.49390243902439024,0.5408805031446541,0.5451431107944058,0.8562874251497006,0.7559523809523809,0.0428054892177957,True,0.5464371997448815,60,N,excluded_low_score,
148020,RISE 200,True,,24.44467634693939,65.24794615460753,58.77326944855047,134335705548.25,1.2148382232040014,-12.865344467640917,0.7804878048780488,0.8238993710691824,0.34333339180537037,0.9461077844311377,0.6130952380952381,0.3104612763945831,True,0.6846980435617095,25,N,excluded_low_score,
360200,ACE 미국S&P500,True,,-0.7542200407039346,5.114116652578193,10.526234179940849,17616958266.75,0.8777012319235563,-3.3874601818040584,0.24390243902439024,0.3081761006289308,0.7067910876284,0.5329341317365269,0.3392857142857143,0.08174481564981817,True,0.3628677877313955,109,N,excluded_low_score,
458730,TIGER 미국배당다우존스,True,,13.972880299251877,22.8785078138128,10.78089909338884,27116760371.0,1.268164832113551,-1.9114688128772594,0.5609756097560976,0.5031446540880503,0.704872629382552,0.6287425149700598,0.6428571428571429,0.04612679038069545,True,0.5378622787211149,62,N,excluded_low_score,
0043B0,TIGER 머니마켓액티브,True,,0.7250665877478468,1.403289238469796,0.06904524215796091,13955241167.0,1.3061453249400992,0.0,0.32926829268292684,0.20754716981132076,0.7855678616820272,0.4251497005988024,0.6607142857142857,0.0,True,0.38796898468069524,103,N,excluded_low_score,
367380,ACE 미국나스닥100,True,,-2.111426543647976,3.129205921938083,13.487001212059166,19512850599.75,0.9889599698032433,-4.563382230833102,0.18292682926829268,0.24528301886792453,0.6844868453600124,0.562874251497006,0.5,0.11012168975531444,True,0.3520509860581569,112,N,excluded_low_score,
102780,KODEX 삼성그룹,True,,25.174825174825166,59.821428571428584,54.25835132204547,14441146832.75,1.1596557466113844,-9.899328859060407,0.8170731707317073,0.7295597484276729,0.3773454659142387,0.46706586826347307,0.5892857142857143,0.238886590309632,True,0.6005128314912381,48,N,excluded_low_score,
161510,PLUS 고배당주,True,,20.610247553252737,33.723404255319146,39.599583457122606,37895357487.55,0.901246001033999,-14.594374235629836,0.6402439024390244,0.610062893081761,0.4877738468940732,0.7305389221556886,0.39285714285714285,0.3521855217145766,True,0.5713369311626958,53,N,excluded_low_score,
455890,RISE 머니마켓액티브,True,,0.754231052244303,1.3846210803006187,0.11796567175440716,14549510077.75,0.7914798755206032,0.0,0.3353658536585366,0.1949685534591195,0.7851993311283713,0.47305389221556887,0.23809523809523808,0.0,True,0.35215097410049967,111,N,excluded_low_score,
292150,TIGER 코리아TOP10,True,,23.407543544547018,81.12432564982835,58.492370198616726,75788628406.0,1.880745526686883,-15.051753881541119,0.7134146341463414,0.9182389937106918,0.34544948025662825,0.8682634730538922,0.8988095238095238,0.36322282188354416,True,0.7059323665519258,16,N,excluded_low_score,
395160,KODEX AI반도체,True,,29.230769230769237,77.56563245823389,66.33574440945765,65617561075.75,1.2043056663207323,-11.907983761840324,0.9024390243902439,0.9056603773584906,0.28636326485958075,0.844311377245509,0.6071428571428571,0.2873586360074213,True,0.7109151284195626,13,Y,selected_top_n,
278540,KODEX MSCI Korea TR,True,,23.898560068772845,68.96248534583822,60.70483790593746,12324299746.5,2.3513516802186065,-12.66474776549008,0.7317073170731707,0.8553459119496856,0.32878237500324403,0.40718562874251496,0.9702380952380952,0.3056205581109077,True,0.6285624434086524,39,N,excluded_low_score,
232080,TIGER 코스닥150,True,,11.710323574730364,24.82782369146006,47.02094639445009,76929119261.25,1.54335484334542,-15.795586527293848,0.5304878048780488,0.5471698113207547,0.4318667541981118,0.8802395209580839,0.7797619047619048,0.38117268970132345,True,0.5814897044473177,50,N,excluded_low_score,
305720,KODEX 2차전지산업,True,,28.17982456140351,47.22921914357683,43.06589572284797,94553210987.5,1.1743479924123363,-9.752959341224908,0.8902439024390244,0.6792452830188679,0.46166119847765685,0.9101796407185628,0.6011904761904762,0.2353544604512543,True,0.6923528468790869,21,N,excluded_low_score,
487240,KODEX AI전력핵심설비,True,,27.485140397622466,72.29916897506925,62.69314918244307,114193995752.5,1.1651590516285186,-12.456016889514432,0.8597560975609756,0.8805031446540881,0.31380389951528276,0.9341317365269461,0.5952380952380952,0.30058354924252073,True,0.7107999680535062,14,Y,selected_top_n,
395270,HANARO Fn K-반도체,True,,39.34665002080733,100.02986857825569,67.30731037200493,80613777603.75,0.9386248637040033,-9.451054624121147,0.9573170731707317,0.9937106918238994,0.2790442011259948,0.8982035928143712,0.42857142857142855,0.2280690182264209,True,0.7281884740868392,10,Y,selected_top_n,
466920,SOL 조선TOP3플러스,True,,-8.090705487122063,-0.8756038647342979,54.13972016701174,79476034944.5,0.7680835099752681,-18.495531281032772,0.06707317073170732,0.14465408805031446,0.3782391458268247,0.8922155688622755,0.22023809523809523,0.4463266617965882,True,0.30627745173640847,129,N,excluded_low_score,
453850,ACE 미국30년국채액티브(H),True,,-0.5139016998287005,-3.0933127968168384,13.324996130316688,17871746218.2,0.8768912503129818,-3.440337639084279,0.27439024390243905,0.09433962264150944,0.6857072725509044,0.5449101796407185,0.3333333333333333,0.08302083300955598,True,0.32741303216206596,120,N,excluded_low_score,
449450,PLUS K방산,True,,27.412680019864254,43.333333333333336,65.8913612962123,94845735456.75,0.7848384486336327,-4.206596141879282,0.8536585365853658,0.6666666666666666,0.2897109205549744,0.9161676646706587,0.23214285714285715,0.10151187251683791,True,0.6036781550587575,45,N,excluded_low_score,
294400,KIWOOM 200TR,True,,24.40400783139467,65.0168041552093,59.37821902713696,21096573119.0,1.245186049259173,-12.77102596196552,0.774390243902439,0.7987421383647799,0.33877614639748077,0.5688622754491018,0.625,0.3081852204573897,True,0.6215297861664141,42,N,excluded_low_score,
284430,KODEX 200미국채혼합,True,,11.485720761559381,25.566405003510106,22.04975635696727,22780761813.5,1.696525347025836,-3.501888273088427,0.5121951219512195,0.5660377358490566,0.619981342844919,0.6047904191616766,0.8571428571428571,0.08450614795342615,True,0.5447467485657949,61,N,excluded_low_score,
329200,TIGER 리츠부동산인프라,True,,4.590682948891911,10.593017694882834,9.895783265179848,21850179479.0,1.6217059449325124,0.0,0.42073170731707316,0.41509433962264153,0.7115404413562059,0.592814371257485,0.8333333333333334,0.0,True,0.4882249353450373,73,N,excluded_low_score,
0072R0,TIGER KRX금현물,True,,7.889048991354475,6.583629893238441,38.529290514718795,30149084623.0,0.9396786210238699,-17.242332135949155,0.47560975609756095,0.36477987421383645,0.495836647116636,0.6646706586826348,0.43452380952380953,0.4160849681413694,True,0.4747758753084441,80,N,excluded_low_score,
315930,KODEX Top5PlusTR,True,,23.712311557788944,77.03370786516854,62.805629983831956,4118635661.5,0.977349766705457,-15.478148916386525,0.7195121951219512,0.89937106918239,0.31295655184574134,0.12574850299401197,0.4880952380952381,0.3735124139810879,True,0.547694395806659,58,N,excluded_low_score,
441640,KODEX 미국배당커버드콜액티브,True,,3.228923423786134,8.8562452237412,9.895988938714211,13955751955.25,1.0040277460102423,-1.7398635701693865,0.3902439024390244,0.4088050314465409,0.711538891962995,0.4311377245508982,0.5119047619047619,0.0419856822416097,True,0.4256247139127366,99,N,excluded_low_score,
105190,ACE 200,True,,24.372272374006098,65.09274873524451,58.65512779940627,47661686469.25,1.8544304644479395,-12.914028569933544,0.7560975609756098,0.8050314465408805,0.3442233841404355,0.7964071856287425,0.8928571428571429,0.31163610141197073,True,0.679379467493147,28,N,excluded_low_score,
487230,KODEX 미국AI전력핵심인프라,True,,17.414094350611542,2.736584620088678,39.920996221187266,29433149687.0,0.6722474023898177,-3.655913978494618,0.6036585365853658,0.2389937106918239,0.4853525594100927,0.6526946107784432,0.13690476190476192,0.08822303382603192,True,0.4221161582153343,100,N,excluded_low_score,
152100,PLUS 200,True,,24.342027442630698,64.9471392424926,59.29905936399974,39481664064.0,1.1395492052154155,-12.949640287769782,0.75,0.7924528301886793,0.33937247710683527,0.7485029940119761,0.5773809523809523,0.31249546894790037,True,0.6356595288384428,38,N,excluded_low_score,
144600,KODEX 은선물(H),True,,-6.874999999999998,39.93895280582296,82.18490412213242,63618118398.0,1.3948795714281006,-41.4394497666421,0.07926829268292683,0.6415094339622641,0.16696734679271774,0.8383233532934131,0.6904761904761905,1.0,True,0.4719235986578695,82,N,excluded_low_score,
379780,RISE 미국S&P500,True,,-0.7134914751667942,5.172752257557911,10.598054491793574,6525476763.0,0.7958808747110465,-3.302950997202414,0.2621951219512195,0.3270440251572327,0.7062500461962383,0.2634730538922156,0.25,0.07970547427155328,True,0.3224963540572358,124,N,excluded_low_score,
456600,TIME 글로벌AI인공지능액티브,True,,13.260488331309862,11.878048130479968,49.244946703671246,16321984653.75,0.9700987975366638,-5.524924046359847,0.5548780487804879,0.4276729559748428,0.4151127707999829,0.5029940119760479,0.47619047619047616,0.13332522698714255,True,0.4506655935632814,89,N,excluded_low_score,
486290,TIGER 미국나스닥100타겟데일리커버드콜,True,,-1.6417472881852802,3.613341568869677,14.935708434686596,14285441546.0,1.3730353030231854,-4.215835553863723,0.21951219512195122,0.27672955974842767,0.6735733501343082,0.4550898203592814,0.6845238095238095,0.10173483426069496,True,0.36912491043875983,107,N,excluded_low_score,
368590,RISE 미국나스닥100,True,,-1.956106870229013,3.29827546206789,13.69307048796869,6256558173.35,0.7394507930112553,-4.42544361763022,0.2073170731707317,0.2641509433962264,0.6829344709232202,0.24550898203592814,0.18452380952380953,0.1067930110691917,True,0.28342351063363713,135,N,excluded_low_score,
371460,TIGER 차이나전기차SOLACTIVE,True,,0.9738994935722722,0.9267191028736077,24.33390142217323,11247898881.75,0.5910407067107786,-5.916515426497282,0.3597560975609756,0.18238993710691823,0.6027742730694745,0.38323353293413176,0.06547619047619048,0.1427749514005361,True,0.31313110177788994,128,N,excluded_low_score,
305540,TIGER 2차전지테마,True,,27.495569994093326,44.092122830440594,44.749647506288206,15322506004.0,0.5940939204907292,-9.87473903966597,0.8658536585365854,0.6729559748427673,0.4489770503193292,0.47904191616766467,0.07142857142857142,0.238293198758033,True,0.5645223145212385,55,N,excluded_low_score,
448330,KODEX 삼성전자채권혼합,True,,11.845888441633123,25.747535154355905,25.50817689652686,30493194657.25,2.1798950321286097,-2.950165284101536,0.5426829268292683,0.5723270440251572,0.5939281448919831,0.6706586826347305,0.9642857142857143,0.07119219248119357,True,0.5705061016595098,54,N,excluded_low_score,
457480,ACE 테슬라밸류체인액티브,True,,-5.910987482614738,-0.14760147601475815,36.938521034194025,29138315812.0,0.6363848045410553,-10.594713656387666,0.10975609756097561,0.15723270440251572,0.5078203349589707,0.6467065868263473,0.11904761904761904,0.25566733429255606,True,0.27502390375061103,139,N,excluded_low_score,
426030,TIME 미국나스닥100액티브,True,,6.969273743016768,4.3375200937253,46.44575426796544,27754638294.75,1.596161561835476,-5.514433752775727,0.4573170731707317,0.2830188679245283,0.4361998288374913,0.6347305389221557,0.8154761904761905,0.13307207947569655,True,0.44929327769526095,91,N,excluded_low_score,
446770,ACE 글로벌반도체TOP4 Plus,True,,11.778119944646924,43.170981351574,41.247958305771455,13320582345.75,0.7953420772669743,-9.17009819448844,0.5365853658536586,0.660377358490566,0.4753562025557829,0.41317365269461076,0.24404761904761904,0.22128909158128296,True,0.47286423080466006,81,N,excluded_low_score,
455850,SOL AI반도체소부장,True,,30.569105691056908,48.795552810376776,63.83792649916753,57959028213.25,1.4462669022868535,-15.65126050420168,0.9146341463414634,0.6855345911949685,0.30517998877235986,0.8143712574850299,0.7202380952380952,0.3776898726295498,True,0.6892226458668056,23,N,excluded_low_score,
469830,SOL 초단기채권액티브,True,,0.7699530516432018,1.4309207417348757,0.23675241946896067,14228814488.0,1.0884319330976477,0.0,0.3475609756097561,0.2138364779874214,0.784304479094909,0.4431137724550898,0.5654761904761905,0.0,True,0.38769594506052996,104,N,excluded_low_score,
102970,KODEX 증권,True,,56.56786271450858,80.95924990984493,70.07555605969404,74609712475.5,0.964156868060854,-17.751188329782007,0.9817073170731707,0.9119496855345912,0.2581902731381308,0.8622754491017964,0.4583333333333333,0.4283644794934355,True,0.7336417718475354,9,Y,selected_top_n,
476550,TIGER 미국30년국채커버드콜액티브(H),True,,-0.6609117885082227,-2.7594401901241072,12.195027528015187,13487528476.95,1.0013940939776684,-3.4225019669551493,0.2682926829268293,0.10062893081761007,0.6942196253257096,0.41916167664670656,0.5059523809523809,0.08259042980127107,True,0.3264750674127984,121,N,excluded_low_score,
445290,KODEX 로봇액티브,True,,10.230899192791432,41.596334699782965,54.24586465642197,21239020997.0,0.74595556731601,-24.036222509702455,0.5060975609756098,0.6477987421383647,0.3774395312737113,0.5748502994011976,0.19047619047619047,0.5800323760343729,True,0.5012833479726485,69,N,excluded_low_score,
472150,TIGER 배당커버드콜액티브,True,,23.32001452960406,51.901565995525736,59.04300269986852,57996030550.75,4.111707674370894,-9.45700874759975,0.7073170731707317,0.6918238993710691,0.3413014197792116,0.8203592814371258,1.0,0.22821270072008648,True,0.6476302770798925,36,N,excluded_low_score,
139260,TIGER 200 IT,True,,27.700458643049174,87.95391061452513,66.36921026848628,31897686152.0,1.3565658930766806,-15.036565475877307,0.8841463414634146,0.9622641509433962,0.28611115767944906,0.6826347305389222,0.6785714285714286,0.3628563014362568,True,0.707151388861228,15,Y,selected_top_n,
465580,ACE 미국빅테크TOP7 Plus,True,,-5.56900726392252,0.8794619762027889,19.62789246126343,37419680897.25,1.521548090413091,-8.215661103979466,0.11585365853658537,0.1761006289308176,0.6382258850479547,0.718562874251497,0.7619047619047619,0.19825700269294844,True,0.369510713701828,106,N,excluded_low_score,
466940,TIGER 은행고배당플러스TOP10,True,,18.733062330623305,28.92123377646998,37.44809322921808,17417677086.9,0.635890818079874,-17.309831148259246,0.6097560975609756,0.5786163522012578,0.5039815926439704,0.5269461077844312,0.1130952380952381,0.41771382693872794,True,0.506370161276201,67,N,excluded_low_score,
494890,KODEX 200액티브,True,,24.29702145386379,64.1678129298487,59.43711125247431,15873412897.75,1.6672346743576798,-13.263081395348841,0.7439024390243902,0.7672955974842768,0.338332495665289,0.49700598802395207,0.8511904761904762,0.3200593026702142,True,0.6190556016436277,43,N,excluded_low_score,
091230,TIGER 반도체,True,,33.90267483080889,81.62280302340406,64.32365103616206,43584874099.5,1.0605161548832056,-9.747488460494157,0.926829268292683,0.9245283018867925,0.3015208971818014,0.7784431137724551,0.5357142857142857,0.23522243937564735,True,0.7020427150172952,17,N,excluded_low_score,
495050,RISE 코리아밸류업,True,,26.308191988451824,70.43478260869564,59.10053768365957,38986915231.0,1.582756508296992,-12.739965095986038,0.8475609756097561,0.8679245283018868,0.3408679935070792,0.7365269461077845,0.7976190476190477,0.3074356722333086,True,0.6999679112707694,19,N,excluded_low_score,
226490,KODEX 코스피,True,,21.133525456292034,54.61852861035423,53.95548540723769,24087860087.25,0.9693787537809314,-12.780510298186288,0.6463414634146342,0.7044025157232704,0.3796270350702816,0.6167664670658682,0.47023809523809523,0.3084140926136122,True,0.5621071862746376,56,N,excluded_low_score,
438080,ACE 미국S&P500미국채혼합50액티브,True,,1.7353579175704903,5.30648903525186,7.521564325273323,5868039459.25,0.9498711553937756,-0.6355932203389814,0.3780487804878049,0.3333333333333333,0.7294260614875481,0.23952095808383234,0.4523809523809524,0.015337877889745055,True,0.3721952367757849,105,N,excluded_low_score,
0163Y0,KoAct 코스닥액티브,False,price_momentum_3m: missing_excluded; price_momentum_6m: missing_excluded; drawdown_from_high: missing_excluded,,,61.97250776814298,135316558775.75,0.8627212438566587,,,,0.31923268216478506,0.9520958083832335,0.30952380952380953,,False,,,N,excluded_missing_feature,
434730,HANARO 원자력iSelect,True,,25.292854353768067,61.44654088050314,60.589184195478964,40065260558.5,0.8196216115693309,-12.538330494037474,0.823170731707317,0.7547169811320755,0.3296536250372121,0.7604790419161677,0.27380952380952384,0.30256990777253445,True,0.619052458939823,44,N,excluded_low_score,
463250,TIGER K방산&우주,True,,38.97537503538069,60.1957585644372,75.08231811813255,76800114975.5,1.4764581140722952,-4.641677995727322,0.9512195121951219,0.7358490566037735,0.22047300841579076,0.874251497005988,0.7380952380952381,0.11201109140845245,True,0.6817549737429272,26,N,excluded_low_score,
446720,SOL 미국배당다우존스,True,,14.47682344921608,23.189070236567023,11.977480708235353,5221577190.25,0.8762565759127292,-1.7909356725146153,0.5853658536585366,0.5094339622641509,0.6958584631405225,0.20958083832335328,0.3273809523809524,0.04321813350804382,True,0.4503723523588722,90,N,excluded_low_score,
0091P0,TIGER 코리아원자력,True,,87.33153638814015,103.41463414634147,74.27553641669672,133521065769.25,1.635402078346517,-11.839323467230445,1.0,1.0,0.22655070866417937,0.9401197604790419,0.8392857142857143,0.2857017536164501,True,0.7874993171616996,1,Y,selected_top_n,
497570,TIGER 미국필라델피아AI반도체나스닥,True,,5.96355948013183,15.384615384615374,29.60156188757262,21733553444.25,1.445959452459796,-2.6285714285714246,0.45121951219512196,0.4716981132075472,0.5630915915435946,0.5868263473053892,0.7142857142857143,0.06343161995088487,True,0.47996490055105356,78,N,excluded_low_score,
371160,TIGER 차이나항셍테크,True,,-14.507198228128459,-19.407036225075693,21.78846991600767,6987091168.0,0.42211749497622303,-19.616826322365675,0.03048780487804878,0.012578616352201259,0.6219496828113493,0.2694610778443114,0.02976190476190476,0.47338529910107097,True,0.19568839921850154,155,N,excluded_low_score,
390390,KODEX 미국반도체,True,,7.231920199501252,23.44246274126558,28.839971613529652,47118658249.5,2.363950234535246,-2.4142926122646013,0.4634146341463415,0.5283018867924528,0.5688288527996241,0.7904191616766467,0.9761904761904762,0.05826073043585778,True,0.552017090436467,57,N,excluded_low_score,
479080,1Q 머니마켓액티브,True,,0.721473324473143,1.3952599388379117,0.13981050526203112,4848127485.75,0.9372050281124362,0.0,0.3231707317073171,0.20125786163522014,0.7850347682115388,0.17964071856287425,0.4166666666666667,0.0,True,0.3235707815220678,123,N,excluded_low_score,
0162Z0,RISE 삼성전자SK하이닉스채권혼합50,False,price_momentum_3m: missing_excluded; price_momentum_6m: missing_excluded; drawdown_from_high: missing_excluded,,,39.22703917647435,55273533476.25,0.8651525578354738,,,,0.49058032163563237,0.8083832335329342,0.31547619047619047,,False,,,N,excluded_missing_feature,
462010,TIGER 2차전지소재Fn,True,,28.530259365994226,66.2111801242236,51.5398471795737,32037356830.75,0.9054184561957052,-14.777070063694264,0.8963414634146342,0.8427672955974843,0.3978246776669866,0.6946107784431138,0.39880952380952384,0.35659426336277034,True,0.6768615952776316,30,N,excluded_low_score,
475720,RISE 200위클리커버드콜,True,,12.874861162532403,32.48234655078761,41.6937736944652,17826983698.8,0.9399632626747729,-9.18230563002681,0.5487804878048781,0.5974842767295597,0.4719977571500711,0.5389221556886228,0.44047619047619047,0.22158367646614785,True,0.5019749753074133,68,N,excluded_low_score,
402970,ACE 미국배당다우존스,True,,14.911133338462722,23.41955210313198,12.073289546201668,5330317689.0,0.885410443050308,-1.808021038790275,0.5914634146341463,0.5220125786163522,0.69513670978733,0.2215568862275449,0.35714285714285715,0.04363043063968697,True,0.45942290829399995,85,N,excluded_low_score,
444200,SOL 코리아메가테크액티브,True,,23.02907565456387,61.01855357819008,54.271821097909445,17133330915.0,0.8826455355081864,-10.171102661596954,0.676829268292683,0.7484276729559748,0.3772439945249292,0.5209580838323353,0.35119047619047616,0.24544492552081332,True,0.5471281670037186,59,N,excluded_low_score,
237350,KODEX 코스피100,True,,24.382833270034187,66.66666666666667,60.16999890449587,33641601435.5,1.888510230400861,-13.23354086633991,0.7682926829268293,0.8490566037735849,0.3328114588633818,0.7125748502994012,0.9047619047619048,0.3193464426014806,True,0.6795179067435217,27,N,excluded_low_score,
251600,PLUS 고배당주채권혼합,True,,9.159169795282285,14.393883156410059,19.640821736051166,11099961969.05,1.2609602453162148,-7.807358659886332,0.5,0.4591194968553459,0.6381284853964146,0.3712574850299401,0.6369047619047619,0.1884040136597348,True,0.475762672491472,79,N,excluded_low_score,
449180,KODEX 미국S&P500(H),True,,-4.7802374077638765,-1.506603836198317,20.09373447055996,8107224194.25,1.0672890886963704,-6.194690265486724,0.13414634146341464,0.1069182389937107,0.6347165738048111,0.31137724550898205,0.5535714285714286,0.14948775382807633,True,0.273847541374786,140,N,excluded_low_score,
138540,TIGER 현대차그룹플러스,True,,23.180622533976326,60.44254104211277,51.13849947450044,31742547511.25,1.5575386263260553,-23.958051420838967,0.7012195121951219,0.7421383647798742,0.40084813623387383,0.6766467065868264,0.7857142857142857,0.5781459830126583,True,0.6568037799103107,33,N,excluded_low_score,
441800,TIME Korea플러스배당액티브,True,,25.386473429951685,55.92334494773519,56.40342296424347,14282193100.45,1.5120393806221646,-14.862559863543922,0.8292682926829268,0.7232704402515723,0.3611860730705533,0.4491017964071856,0.75,0.3586572685506064,True,0.625843483131914,40,N,excluded_low_score,
494670,TIGER 조선TOP10,True,,-7.605831723168799,2.342594754455596,55.95653268990258,43318358444.25,0.8964163112187209,-17.658108954289297,0.07317073170731707,0.23270440251572327,0.364552615874549,0.7724550898203593,0.38095238095238093,0.4261183257434009,True,0.31975032653915425,126,N,excluded_low_score,
458760,TIGER 미국배당다우존스타겟커버드콜2호,True,,16.21426359789453,25.417687680997993,10.622098961003841,5687632034.25,0.8332540884616619,-1.7880505887483689,0.5975609756097561,0.559748427672956,0.7060689128410426,0.23353293413173654,0.2857142857142857,0.043148511836364034,True,0.46504453501849985,84,N,excluded_low_score,
494300,KODEX 미국나스닥100데일리커버드콜OTM,True,,0.10432968179447943,5.648535564853563,15.582156066802419,10761062135.7,1.4110243498287365,-2.815760153955227,0.3048780487804878,0.33962264150943394,0.6687034888976338,0.3592814371257485,0.6964285714285714,0.06794878237552882,True,0.3900234172199505,102,N,excluded_low_score,
498410,KODEX 금융고배당TOP10타겟위클리커버드콜,True,,14.458929711003732,13.496655216054965,32.52331336354779,16508564181.5,1.0147378174085622,-16.517055655296232,0.5792682926829268,0.44025157232704404,0.5410812637936451,0.5089820359281437,0.5238095238095238,0.39858289017611714,True,0.5115795386271192,66,N,excluded_low_score,
495850,KODEX 코리아밸류업,True,,26.196017584690967,70.53396701146212,58.62146008419301,19386151498.0,1.957795115010786,-12.425525805756942,0.8414634146341463,0.8742138364779874,0.3444770119566716,0.5568862275449101,0.9226190476190477,0.29984775077200065,True,0.6847329574501835,24,N,excluded_low_score,
0105E0,SOL 코리아고배당,True,,19.99810803140667,34.66029723991508,38.42989141774117,12126051483.25,0.8991677510278634,-14.19197727118988,0.6280487804878049,0.6226415094339622,0.4965854468419092,0.40119760479041916,0.3869047619047619,0.34247504132195616,True,0.5205483741006549,65,N,excluded_low_score,
0117V0,TIGER 코리아AI전력기기TOP3플러스,False,price_momentum_6m: missing_excluded,29.84901277584204,,60.941487976328744,42542836808.0,0.7460975882151306,-11.736842105263158,0.9085365853658537,,0.32699962734171606,0.7664670658682635,0.19642857142857142,0.2832287149408792,False,,,N,excluded_missing_feature,
314250,KODEX 미국빅테크10(H),True,,-10.846047156726769,-13.782928268683946,30.955697932254424,5276235733.75,0.8785812276550639,-11.074630169328959,0.04878048780487805,0.018867924528301886,0.5528905260503294,0.2155688622754491,0.34523809523809523,0.26724848499904086,True,0.19492529751970417,156,N,excluded_low_score,
364980,TIGER 2차전지TOP10,True,,24.913693901035682,36.540880503144656,47.4785282130505,28796632250.5,0.8442320535098219,-8.164128595600673,0.8109756097560976,0.6289308176100629,0.42841966915935037,0.6407185628742516,0.2976190476190476,0.1970134410947857,True,0.5789128301252654,52,N,excluded_low_score,
438100,ACE 미국나스닥100미국채혼합50액티브,True,,1.0554988083077976,4.883737366598351,7.325262858147069,4098620949.75,0.938285398252169,-1.1984021304926817,0.36585365853658536,0.29559748427672955,0.7309048524335859,0.11976047904191617,0.4226190476190476,0.028919354316749857,True,0.3416292343312266,115,N,excluded_low_score,
0131V0,1Q 미국우주항공테크,False,price_momentum_6m: missing_excluded,-11.971830985915489,,50.46977273609391,17047269047.0,0.8889337412796937,-19.84610452067971,0.036585365853658534,,0.4058858318792812,0.5149700598802395,0.3630952380952381,0.4789181476211447,False,,,N,excluded_missing_feature,
069660,KIWOOM 200,True,,24.563200385588637,64.37103730646155,57.44346369207738,39855610884.5,1.7269429082615986,-12.625462229265716,0.7987804878048781,0.7735849056603774,0.35335117079321987,0.7544910179640718,0.8630952380952381,0.30467253547919815,True,0.6773042331445763,29,N,excluded_low_score,
469150,ACE AI반도체TOP3+,True,,35.3429713934174,97.00022386389075,69.35160708159034,52904458941.25,1.7702178120687482,-12.333134090456266,0.9451219512195121,0.9811320754716981,0.2636439725418369,0.8023952095808383,0.8869047619047619,0.2976181913589061,True,0.7581211731049613,5,Y,selected_top_n,
447770,TIGER 테슬라채권혼합Fn,True,,-5.415355780172703,-5.383688228204098,15.34582708011785,4306666977.0,0.5948007025815532,-7.057817536012633,0.12195121951219512,0.050314465408805034,0.6704838177505539,0.1437125748502994,0.07738095238095238,0.17031639116246255,True,0.19354745217988903,157,N,excluded_low_score,
0025N0,TIGER TDF2045 적격,True,,-0.7809110629067195,3.4841628959276116,8.63083435610396,3851417350.25,0.7480545707113277,-2.8049298767530817,0.23780487804878048,0.27044025157232704,0.7210696365340432,0.10179640718562874,0.20238095238095238,0.06768743051726012,True,0.2758662585768716,138,N,excluded_low_score,
484790,KODEX 미국30년국채액티브(H),True,,-1.0576595018764956,-3.1288275247745245,12.92153358739112,7345377743.3,0.7296360756484013,-3.8461538461538436,0.22560975609756098,0.0880503144654088,0.6887466627514881,0.2874251497005988,0.16666666666666666,0.09281382517897041,True,0.2576668107747268,143,N,excluded_low_score,
0127P0,ACE 미국대형성장주액티브,False,price_momentum_6m: missing_excluded,-6.108374384236448,,17.063932325017138,2908739328.0,1.589102676334885,-8.233028406355325,0.09146341463414634,,0.6575408758678878,0.0658682634730539,0.8095238095238095,0.19867610339224973,False,,,N,excluded_missing_feature,
476800,KODEX 한국부동산리츠인프라,True,,1.0737146396861519,5.906533967979222,8.972351316211855,5219027064.0,0.7579051902068769,-0.18352365415986727,0.3719512195121951,0.34591194968553457,0.7184968988162903,0.20359281437125748,0.20833333333333334,0.0044287184118839695,True,0.34035741794341934,116,N,excluded_low_score,
0148J0,TIGER 코리아휴머노이드로봇산업,False,price_momentum_6m: missing_excluded,5.858170606372037,,55.878507539171764,31997774606.0,0.3902961390615258,-33.88960205391528,0.4451219512195122,,0.36514040000144876,0.688622754491018,0.017857142857142856,0.8178101361084121,False,,,N,excluded_missing_feature,
0048J0,KODEX 미국머니마켓액티브,True,,4.524289387726732,7.474631985136493,13.704271025341072,10587884349.4,1.4649088354357804,-1.7956252040483234,0.4146341463414634,0.4025157232704403,0.6828500943085187,0.3532934131736527,0.7261904761904762,0.043331299381628385,True,0.43726709223606325,94,N,excluded_low_score,
114260,KODEX 국고채3년,True,,-0.47680620656214145,-0.9809439575460321,4.1113697146867105,3096249069.0,1.2543541546113786,-0.6854838709677402,0.2865853658536585,0.1320754716981132,0.7551159607439765,0.0718562874251497,0.6309523809523809,0.01654181884238104,True,0.3011859613005653,132,N,excluded_low_score,
483280,KODEX 미국AI테크TOP10타겟커버드콜,True,,-5.353336612559434,-0.11247620695622462,21.698903059521967,4907548074.4,0.8188420218542486,-7.861133280127697,0.12804878048780488,0.16352201257861634,0.622624413664741,0.18562874251497005,0.26785714285714285,0.18970168099229312,True,0.23811289247396494,148,N,excluded_low_score,
091180,KODEX 자동차,True,,14.156929505532778,55.371248025276465,45.36459569806453,21265887883.0,0.6079617961428592,-24.607129168263697,0.5670731707317073,0.7169811320754716,0.44434448270995774,0.5808383233532934,0.08928571428571429,0.5938092640426883,True,0.5356050963769344,64,N,excluded_low_score,
482730,TIGER 미국S&P500타겟데일리커버드콜,True,,-0.3555632642442075,5.075445816186552,10.060336835822934,3484376941.25,0.7310170523306435,-3.0706934368145755,0.2926829268292683,0.3018867924528302,0.7103008157234098,0.08383233532934131,0.17261904761904762,0.07410072899390707,True,0.2919741868585547,133,N,excluded_low_score,
491010,TIGER 글로벌AI전력인프라액티브,True,,22.14850727226334,16.853000048820977,45.44428360428613,4963427633.5,0.8535876478697788,-2.939983779399835,0.6646341463414634,0.4779874213836478,0.44374417260553345,0.19760479041916168,0.30357142857142855,0.07094649653785856,True,0.42864186514380165,97,N,excluded_low_score,
293180,HANARO 200,True,,24.25889328063242,64.79687065644733,59.39051421440502,11032178010.25,1.3323037021065336,-12.95752490823283,0.7378048780487805,0.779874213836478,0.3386835234951763,0.3652694610778443,0.6726190476190477,0.31268573741206795,True,0.5814397323709946,51,N,excluded_low_score,
329750,TIGER 미국달러단기채권액티브,True,,4.690990320178701,7.385625906973181,13.83060214898749,7168466374.25,1.5859877653673768,-1.7470300489168422,0.4268292682926829,0.389937106918239,0.6818984084928903,0.281437125748503,0.8035714285714286,0.04215862080106969,True,0.43510953694491156,95,N,excluded_low_score,
0080G0,KODEX 방산TOP10,True,,27.64298093587523,41.97590361445782,69.42961574238215,83701391023.0,2.0018064459076963,-4.13276928083306,0.8719512195121951,0.6540880503144654,0.2630563126380153,0.9041916167664671,0.9285714285714286,0.09973031263942733,True,0.6703203394483096,31,N,excluded_low_score,
462900,KoAct 바이오헬스케어액티브,True,,-16.47374948325755,16.99478865083961,59.58134980004564,29753844087.0,0.9471692765440194,-20.374384236453203,0.012195121951219513,0.48427672955974843,0.33724590848211233,0.6586826347305389,0.44642857142857145,0.4916663795293479,True,0.3437126590750052,114,N,excluded_low_score,
449190,KODEX 미국나스닥100(H),True,,-6.108829568788499,-3.391083879146417,24.344516126635156,7789330241.0,1.1426468487431443,-8.504252126063028,0.08536585365853659,0.06918238993710692,0.6026943096892565,0.2994011976047904,0.5833333333333334,0.20522116422763836,True,0.25361600993518657,144,N,excluded_low_score,
434060,KODEX TDF2050액티브 적격,True,,0.48944631385745563,4.8515799553144,11.231523709071976,2827970113.25,0.8657704699981937,-1.7232094776521323,0.3170731707317073,0.2893081761006289,0.7014779547961141,0.059880239520958084,0.32142857142857145,0.04158379243344301,True,0.30348855197340024,131,N,excluded_low_score,
315960,RISE 대형고배당10TR,True,,27.68342391304348,90.81218274111676,65.34252944224097,33187813984.75,3.090694600203407,-14.716781365802012,0.8780487804878049,0.9748427672955975,0.29384541627949157,0.7065868263473054,0.9940476190476191,0.35513940094949614,True,0.743366725999192,7,Y,selected_top_n,
251350,KODEX MSCI선진국,True,,-0.16209644738619522,6.000631041505322,12.09578914280721,2243122570.75,0.9361932539056691,-2.959403392678961,0.29878048780487804,0.3522012578616352,0.6949672143666544,0.029940119760479042,0.4107142857142857,0.07141512277176076,True,0.31702343888146517,127,N,excluded_low_score,
471990,KODEX AI반도체핵심장비,True,,41.06770056665672,74.60317460317461,69.42362121840996,39100277746.75,1.3220907360854028,-11.934462856078943,0.9634146341463414,0.8930817610062893,0.2631014709748615,0.7425149700598802,0.6666666666666666,0.287997618773547,True,0.7139496371443929,11,Y,selected_top_n,
0052D0,TIGER 코리아배당다우존스,True,,20.18412501934086,31.57448970949437,34.68915129699223,8374446757.25,0.460849591357399,-11.973028105167726,0.6341463414634146,0.5911949685534591,0.5247654329776532,0.32335329341317365,0.05357142857142857,0.2889282597281436,True,0.4699506739382975,83,N,excluded_low_score,
474220,TIGER 미국테크TOP10타겟커버드콜,True,,-3.827440804411286,0.692793588263263,18.061663364274292,3727511138.5,0.7611750864077235,-6.034100272548648,0.1524390243902439,0.16981132075471697,0.6500247036811284,0.08982035928143713,0.21428571428571427,0.14561246123026406,True,0.22666054846399925,151,N,excluded_low_score,
0162Y0,TIME 코스닥액티브,False,price_momentum_3m: missing_excluded; price_momentum_6m: missing_excluded; drawdown_from_high: missing_excluded,,,57.98707984377218,45191120709.5,0.7029021420059577,,,,0.34925596633542955,0.7844311377245509,0.15476190476190477,,False,,,N,excluded_missing_feature,
091170,KODEX 은행,True,,19.16172528632929,28.933028651784156,41.17779690868185,11620463815.15,0.7003833409949295,-15.641173087981597,0.6219512195121951,0.5849056603773585,0.4758847469436388,0.38922155688622756,0.14285714285714285,0.3774464471913047,True,0.485362802508455,74,N,excluded_low_score,
270810,RISE 코스닥150,True,,11.53724247226624,24.742998936547323,48.81579974786207,7942214745.75,0.9684393235152384,-15.89388145315488,0.5182926829268293,0.5345911949685535,0.4183456484858238,0.30538922155688625,0.4642857142857143,0.38354470299818333,True,0.4557493161065558,87,N,excluded_low_score,
489250,KODEX 미국배당다우존스,True,,14.443638999637542,23.231534783881358,11.94661586493667,4219197207.5,1.0050769188434734,-1.940993788819878,0.573170731707317,0.5157232704402516,0.6960909761802321,0.1377245508982036,0.5178571428571429,0.04683927512913888,True,0.45663784446063904,86,N,excluded_low_score,
448290,TIGER 미국S&P500(H),True,,-4.6101485148514865,-1.2618498590827532,20.44437226376301,3260505098.25,1.0483541239630678,-6.12058465286236,0.1402439024390244,0.11949685534591195,0.6320751264355264,0.07784431137724551,0.5297619047619048,0.14769946723060268,True,0.24020659467205624,145,N,excluded_low_score,
490590,RISE 미국AI밸류체인데일리고정커버드콜,True,,-0.498496597562903,-1.2253554316235982,26.33200567286969,4584922606.6,0.6029224873574709,-3.5363608468855445,0.2804878048780488,0.12578616352201258,0.5877220245130781,0.16766467065868262,0.08333333333333333,0.08533802612727359,True,0.23947871438964194,147,N,excluded_low_score,
496080,TIGER 코리아밸류업,True,,25.661715577941102,70.27648164913991,60.35477735097331,15560503863.7,1.5579781299674453,-12.588037610382186,0.8353658536585366,0.8616352201257862,0.3314194738839825,0.48502994011976047,0.7916666666666666,0.3037694197502424,True,0.6549478208649707,34,N,excluded_low_score,
132030,KODEX 골드선물(H),True,,3.287671232876721,11.364307718276567,46.69213159215122,8229021391.75,0.9270176688887388,-17.852140077821012,0.39634146341463417,0.42138364779874216,0.4343438031966812,0.31736526946107785,0.40476190476190477,0.43080060614587634,True,0.39949178057358065,101,N,excluded_low_score,
148070,KIWOOM 국고채10년,True,,-2.052451539338651,-4.790827998368474,9.572963098201903,7667722556.0,2.443291493685696,-2.052451539338651,0.18902439024390244,0.05660377358490566,0.7139723311791096,0.2934131736526946,0.9821428571428571,0.049528928373726355,True,0.3223030760665809,125,N,excluded_low_score,
469070,RISE AI&로봇,True,,-1.0184835910976964,18.786781349026715,47.726427357056025,9224938808.5,0.47707379973698794,-30.892810113247304,0.23170731707317074,0.4968553459119497,0.42655217924675537,0.3413173652694611,0.05952380952380952,0.7454927680558967,True,0.3645653537397443,108,N,excluded_low_score,
295040,SOL 200TR,True,,24.82341069626639,65.28594334580437,58.454865153372026,5528594248.25,1.5338021535517388,-12.825933756166318,0.8048780487804879,0.8301886792452831,0.3457320156963809,0.2275449101796407,0.7678571428571429,0.3095102330844878,True,0.6012294269587694,46,N,excluded_low_score,
157500,TIGER 증권,True,,56.785063752276876,83.13829787234042,69.72670066949162,33048420171.0,1.4739582383223813,-18.121284185493458,0.9878048780487805,0.949685534591195,0.26081829319350847,0.7005988023952096,0.7321428571428571,0.43729548262681606,True,0.7474349686481481,6,Y,selected_top_n,
361580,RISE 200TR,True,,24.494949494949502,65.20282186948853,59.13654148729657,11209857378.5,1.5985110799641076,-12.87322109571203,0.7926829268292683,0.8176100628930818,0.3405967673179898,0.3772455089820359,0.8214285714285714,0.31065135198958904,True,0.6222112244142168,41,N,excluded_low_score,
277630,TIGER 코스피,True,,21.613333051331395,54.75293357734956,54.81994451398216,4955051472.0,0.8092986152707202,-12.554178389476089,0.6585365853658537,0.710691823899371,0.37311483565074544,0.19161676646706588,0.25595238095238093,0.302952342759675,True,0.48029955307850764,77,N,excluded_low_score,
241180,TIGER 일본니케이225,True,,4.514906083060488,15.304182509505694,28.271772812132195,1522374225.5,0.700389008146505,-7.868752848245486,0.40853658536585363,0.46540880503144655,0.5731092448688067,0.005988023952095809,0.1488095238095238,0.18988555332073132,True,0.33637683465220625,117,N,excluded_low_score,
490490,SOL 미국배당미국채혼합50,True,,8.614056488692867,13.848726271269785,9.677860584907808,3842531613.0,1.2838567862053605,-1.4054514480408842,0.4878048780487805,0.4528301886792453,0.7131821106276603,0.09580838323353294,0.6488095238095238,0.03391578449895938,True,0.4265286060605105,98,N,excluded_low_score,
478150,TIME 글로벌우주테크&방산액티브,True,,5.827287619939159,11.93623446705283,26.23440901489269,4011690660.5,0.8292244400387596,-4.5790251107828635,0.43902439024390244,0.4339622641509434,0.5884572459879491,0.11377245508982035,0.27976190476190477,0.11049917739180226,True,0.3628603332803956,110,N,excluded_low_score,
484880,SOL 금융지주플러스고배당,True,,22.46230559183189,34.05679381376308,42.246928596715605,8868603445.15,0.6614924663656375,-16.209739653141632,0.6707317073170732,0.6163522012578616,0.467830694757826,0.32934131736526945,0.13095238095238096,0.3911668650144611,True,0.4962776788618428,70,N,excluded_low_score,
0023A0,SOL 미국양자컴퓨팅TOP10,True,,-20.65615835777126,-28.439184051310875,44.347970706841046,4812232762.25,0.38386060654722376,-24.489795918367353,0.006097560975609756,0.006289308176100629,0.4520029880413019,0.17365269461077845,0.011904761904761904,0.5909778256293627,True,0.15722374107912757,158,N,excluded_low_score,
461490,RISE 글로벌자산배분액티브,True,,0.373387644263401,1.190883580863722,10.17291548270445,2706162345.75,0.6193043016907895,-3.555120678408352,0.31097560975609756,0.18867924528301888,0.7094527309578562,0.05389221556886228,0.10119047619047619,0.08579073077534316,True,0.26422839465902276,141,N,excluded_low_score,
279530,KODEX 고배당주,True,,23.08478038815118,33.433520525191796,40.216685471651495,6371848391.95,0.7314077669074229,-13.690780722398443,0.6890243902439024,0.6037735849056604,0.4831250539674259,0.25149700598802394,0.17857142857142858,0.3303803694183999,True,0.4885505228466031,72,N,excluded_low_score,
453810,KODEX 인도Nifty50,True,,-11.165185498659891,-7.796486090775989,20.85404715114895,2670860056.0,0.9851861409342728,-11.972323175845679,0.042682926829268296,0.031446540880503145,0.6289889369986652,0.04790419161676647,0.49404761904761907,0.28891124865955997,True,0.19892404228791374,154,N,excluded_low_score,
307520,TIGER 지주회사,True,,19.084441695020104,39.17004048582995,53.76582863583098,15811365007.75,1.0632629739656307,-16.79273827534039,0.6158536585365854,0.6352201257861635,0.3810557697634901,0.49101796407185627,0.5416666666666666,0.40523555138654854,True,0.5373014045988318,63,N,excluded_low_score,
139230,TIGER 200 중공업,True,,2.3654439492629464,13.761048460835102,53.19888958435822,9072637115.75,0.4347853313788524,-13.399071925754058,0.38414634146341464,0.44654088050314467,0.3853266718028211,0.33532934131736525,0.041666666666666664,0.3233409710121208,True,0.34915124427556005,113,N,excluded_low_score,
442580,PLUS 글로벌HBM반도체,True,,23.05575374579554,97.85316289741068,65.41504883298131,27011139762.5,3.0434866665974356,-10.7224728240775,0.6829268292682927,0.9874213836477987,0.29329910850090524,0.6227544910179641,0.9880952380952381,0.2587503667268495,True,0.6644549259200867,32,N,excluded_low_score,
0053L0,TIGER 차이나휴머노이드로봇,True,,-14.630620211074163,-11.369606003752342,22.67102874915877,7022487971.25,0.45002187924280795,-20.35875649066019,0.024390243902439025,0.025157232704402517,0.6153011333587355,0.2754491017964072,0.047619047619047616,0.4912892571041947,True,0.19985188545720786,153,N,excluded_low_score,
453870,TIGER 인도니프티50,True,,-10.820707977310262,-7.34109221128022,23.8052591775572,1695569839.0,0.6161258903643194,-11.639157655093912,0.054878048780487805,0.0440251572327044,0.6067566751191162,0.011976047904191617,0.09523809523809523,0.28087143339589393,True,0.15568930739758233,159,N,excluded_low_score,
463050,TIME K바이오액티브,True,,-15.266243282852955,18.436326391259804,59.333657583034594,14350769619.75,0.6489445239390139,-18.183962264150942,0.018292682926829267,0.49056603773584906,0.3391118395588496,0.46107784431137727,0.125,0.4388080046079341,True,0.28001026546654606,136,N,excluded_low_score,
466950,TIGER 글로벌AI액티브,True,,7.558886509635965,7.0636882939722145,49.61425311654858,2575926028.25,0.8892168837241567,-4.323809523809519,0.4695121951219512,0.3836477987421384,0.412330687773953,0.03592814371257485,0.36904761904761907,0.10434041832500618,True,0.3321608467452547,118,N,excluded_low_score,
385510,KODEX 신재생에너지액티브,True,,47.56914619481189,62.16726448933358,55.75211100558687,23367648935.0,1.9170746817544349,-6.53900554890654,0.9695121951219512,0.7610062893081762,0.3660925785674689,0.6107784431137725,0.9107142857142857,0.1577966306437375,True,0.6964366612862091,20,N,excluded_low_score,
0046A0,TIGER 미국초단기(3개월이하)국채,True,,4.47836128125314,7.025303435507091,13.543572830762592,11959829739.3,1.6010088762358319,-1.6540642722117194,0.4024390243902439,0.37735849056603776,0.6840606763722505,0.39520958083832336,0.8273809523809523,0.03991520837091822,True,0.44482356008705387,92,N,excluded_low_score,
0040Y0,SOL 팔란티어커버드콜OTM채권혼합,True,,-3.922409173721997,-0.939226519337022,12.776289071334016,4323571552.75,0.8357857203899692,-4.168893639764837,0.14634146341463414,0.13836477987421383,0.6898408281617179,0.1497005988023952,0.2916666666666667,0.10060205102242237,True,0.23673348081275888,149,N,excluded_low_score,
0060H0,TIGER 토탈월드스탁액티브,True,,0.8347245409014992,7.43507648523658,16.09981800783472,2219487608.75,0.6305502489637027,-2.8157683024939706,0.35365853658536583,0.39622641509433965,0.6648038043832303,0.023952095808383235,0.10714285714285714,0.06794897901276209,True,0.3061654126387816,130,N,excluded_low_score,
290130,RISE ESG사회책임투자,True,,23.180040960714955,72.51629726205996,67.06559447615977,9838069335.25,1.7331033887175402,-14.133679428942248,0.6951219512195121,0.8867924528301887,0.28086511099244704,0.3473053892215569,0.8690476190476191,0.34106822142989857,True,0.6011322350117437,47,N,excluded_low_score,
442320,RISE 글로벌원자력,True,,5.002495009980046,6.5982776089159145,40.27269066899707,4468727358.25,0.42384140798807995,-7.980758718705583,0.4329268292682927,0.3710691823899371,0.48270315198178027,0.16167664670658682,0.03571428571428571,0.19258843357350575,True,0.3235791269905094,122,N,excluded_low_score,
0098F0,KODEX 원자력SMR,True,,66.10462602680502,82.08530805687204,66.74092279796068,78738101492.0,2.019826039707148,-12.383124287343216,0.9939024390243902,0.9371069182389937,0.2833109487397877,0.8862275449101796,0.9345238095238095,0.2988245345214833,True,0.7843577238071402,3,Y,selected_top_n,
0144L0,KODEX 미국성장커버드콜액티브,False,price_momentum_6m: missing_excluded,-2.9451839429829207,,13.370985919012139,3910189542.85,0.42046080180090883,-5.161818926669392,0.17073170731707318,,0.6853608192913917,0.10778443113772455,0.023809523809523808,0.12456292146100234,False,,,N,excluded_missing_feature,
433500,ACE 원자력TOP10,True,,50.936849410131856,82.54301300881241,61.65670313785703,18368661534.75,2.032504403647923,-11.740835925875825,0.975609756097561,0.9433962264150944,0.32161172209158984,0.5508982035928144,0.9404761904761905,0.28332509220059565,True,0.7346187892326264,8,Y,selected_top_n,
475080,KODEX 테슬라커버드콜채권혼합액티브,True,,-2.6907909997680335,-0.17846519928613747,11.21524278752022,2614367582.6,0.817241557830697,-4.234676406802873,0.17682926829268292,0.1509433962264151,0.701600603290475,0.041916167664670656,0.2619047619047619,0.10218949408473332,True,0.23117440097530928,150,N,excluded_low_score,
491620,RISE 미국테크100데일리고정커버드콜,True,,-3.5037878787878785,1.767701987416359,15.80171597611989,4335068608.45,0.9725858309246561,-5.735430157261789,0.15853658536585366,0.22641509433962265,0.6670494859461289,0.15568862275449102,0.48214285714285715,0.13840507510499556,True,0.2783095040075589,137,N,excluded_low_score,
472160,TIGER 미국테크TOP10 INDXX(H),True,,-9.841092835238364,-7.57887517146777,30.077552434405487,14141758142.25,1.1190502106544016,-11.300054854635222,0.06097560975609756,0.03773584905660377,0.5595058286791563,0.437125748502994,0.5714285714285714,0.2726883421056312,True,0.2597462806688928,142,N,excluded_low_score,
472170,TIGER 미국테크TOP10채권혼합,True,,-3.4569679510262907,-3.3177064551027757,10.792663965691709,1931737414.0,0.7128351798053676,-4.658605974395447,0.16463414634146342,0.07547169811320754,0.7047840014833444,0.017964071856287425,0.16071428571428573,0.11241959052616401,True,0.20021018215007028,152,N,excluded_low_score,
0167A0,SOL AI반도체TOP2플러스,False,price_momentum_3m: missing_excluded; price_momentum_6m: missing_excluded; volatility_20d: missing_excluded; liquidity_20d: missing_excluded; drawdown_from_high: missing_excluded,,,,,0.0,,,,,,0.005952380952380952,,False,,,N,excluded_missing_feature,
421320,PLUS 우주항공&UAM,True,,34.47854634295313,87.10431272572765,75.48865028436549,22704032128.25,1.942147608810475,-10.887382373773146,0.9329268292682927,0.9559748427672956,0.21741200058275822,0.5988023952095808,0.9166666666666666,0.26272989711695605,True,0.7114448330811601,12,Y,selected_top_n,
448300,TIGER 미국나스닥100(H),True,,-5.993533946779406,-3.2852318084126475,24.195046328840764,4135978606.5,1.2402534337816569,-8.385845855550167,0.10365853658536585,0.08176100628930817,0.6038203052659594,0.1317365269461078,0.6190476190476191,0.20236383211585496,True,0.23992443218162887,146,N,excluded_low_score,
