{
    "version": "1.63",
    "asof": "2026-01-25",
    "description": "Active Surface Registry (Phase D-P.59: Daily Ops Final + Stale Risk)",
    "latest_artifacts_fixed": [
        "recon_summary.json",
        "recon_daily.jsonl",
        "report_human.json",
        "report_ai.json"
    ],
    "allowed_reports_paths": [
        "reports/phase_c/latest/**",
        "reports/phase_c/snapshots/**",
        "reports/push/latest/**",
        "reports/tickets/dryrun/**",
        "reports/tickets/shadow/**",
        "reports/tickets/preflight/**",
        "reports/ops/daily/**"
    ],
    "forbidden_latest_version_suffix": true,
    "contracts_live_in_docs_only": true,
    "active_files": [
        "app/reconcile.py",
        "app/generate_reports.py",
        "app/lint_active_surface.py",
        "app/run_ticket_worker.py",
        "backend/main.py",
        "dashboard/index.html",
        "config/production_config.py",
        "config/production_config_v2.py",
        "docs/contracts/contract_5_reports.md",
        "docs/contracts/contract_push_v1.md",
        "docs/contracts/contract_ticket_v1.md",
        "docs/contracts/contract_ticket_result_v1.md",
        "docs/contracts/contract_ticket_worker_v1.md",
        "docs/contracts/contract_execution_gate_v1.md",
        "docs/contracts/contract_ticket_idempotency_v1.md",
        "docs/contracts/contract_dryrun_artifact_v1.md",
        "docs/contracts/execution_plan_v1.json",
        "docs/contracts/contract_execution_plan_v1.md",
        "docs/contracts/contract_real_enable_approval_v1.md",
        "docs/contracts/contract_execution_receipt_v1.md",
        "docs/contracts/contract_emergency_stop_v1.md",
        "docs/contracts/contract_shadow_run_v1.md",
        "docs/contracts/contract_real_execution_allowlist_v1.md",
        "docs/contracts/execution_allowlist_v1.json",
        "docs/contracts/contract_real_enable_window_v1.md",
        "docs/contracts/contract_execution_receipt_v2.md",
        "docs/contracts/contract_reconcile_dependency_v1.md",
        "docs/contracts/contract_reconcile_preflight_v1.md",
        "docs/contracts/contract_execution_receipt_v3.md",
        "docs/contracts/contracts_index.md",
        "docs/ops/artifact_governance.md",
        "docs/ops/active_surface.json",
        "docs/ops/push_policy_v1.md",
        "docs/ops/push_ui_requirements_v1.md",
        "tools/generate_push_messages.py",
        "reports/phase_c/latest/recon_summary.json",
        "reports/phase_c/latest/recon_daily.jsonl",
        "reports/phase_c/latest/report_human.json",
        "reports/phase_c/latest/report_ai.json",
        "reports/push/latest/push_messages.json",
        "state/tickets/ticket_requests.jsonl",
        "state/tickets/ticket_results.jsonl",
        "state/tickets/ticket_receipts.jsonl",
        "state/execution_gate.json",
        "state/emergency_stop.json",
        "state/approvals/real_enable_approvals.jsonl",
        "state/real_enable_windows/real_enable_windows.jsonl",
        "state/deps/installed_deps_snapshot.json",
        "reports/ops/daily/ops_report_latest.json",
        "docs/ops/runbook_oracle_cloud_scheduler_v1.md",
        "docs/ops/checklist_oracle_cloud_scheduler_rehearsal_v1.md",
        "deploy/oci/print_cron_install.sh",
        "deploy/oci/print_systemd_units.sh",
        "deploy/oci/print_rollback.sh",
        "app/run_ticket_reaper.py",
        "docs/contracts/contract_ticket_reaper_v1.md",
        "deploy/oci/print_systemd_backend_service.sh",
        "docs/contracts/contract_pc_to_oci_handoff_v1.md",
        "docs/ops/runbook_pc_oci_split_v1.md",
        "docs/contracts/contract_strategy_bundle_v1.md",
        "app/utils/strategy_bundle_validator.py",
        "app/load_strategy_bundle.py",
        "deploy/pc/print_export_strategy_bundle_windows.ps1",
        "deploy/pc/print_export_strategy_bundle_linux.sh",
        "deploy/pc/generate_strategy_bundle.py",
        "deploy/oci/check_live_cycle.sh",
        "deploy/oci/check_ops_summary.sh",
        "deploy/oci/daily_ops.sh",
        "deploy/pc/check_live_cycle.ps1",
        "deploy/pc/check_ops_summary.ps1",
        "state/strategy_bundle/latest/strategy_bundle_latest.json",
        "docs/contracts/contract_reco_report_v1.md",
        "app/generate_reco_report.py",
        "reports/live/reco/latest/reco_latest.json",
        "docs/contracts/contract_live_cycle_receipt_v1.md",
        "app/run_live_cycle.py",
        "reports/live/cycle/latest/live_cycle_latest.json",
        "docs/contracts/contract_sync_v1.md",
        "docs/contracts/contract_dashboard_api_v1.md"
    ],
    "active_endpoints": [
        "/api/recon/summary",
        "/api/recon/daily",
        "/api/report/human",
        "/api/report/ai",
        "/api/push/latest",
        "/api/tickets",
        "/api/tickets/consume",
        "/api/tickets/complete",
        "/api/tickets/latest",
        "/api/execution_gate",
        "/api/emergency_stop",
        "/api/approvals/real_enable/request",
        "/api/approvals/real_enable/approve",
        "/api/approvals/real_enable/latest",
        "/api/execution_allowlist",
        "/api/real_enable_window/request",
        "/api/real_enable_window/latest",
        "/api/real_enable_window/revoke",
        "/api/deps/reconcile",
        "/api/deps/reconcile/check",
        "/api/ops/daily",
        "/api/ops/cycle/run",
        "/api/ops/health",
        "/api/push/delivery/latest",
        "/api/push/delivery/run",
        "/api/secrets/status",
        "/api/secrets/self_test",
        "/api/secrets/self_test/run",
        "/api/push/preview/latest",
        "/api/real_sender_enable",
        "/api/push/send/latest",
        "/api/push/send/run",
        "/api/ops/push/postmortem/latest",
        "/api/ops/push/postmortem/regenerate",
        "/api/ops/push/live_fire/latest",
        "/api/ops/push/live_fire/run",
        "/api/ops/scheduler/latest",
        "/api/ops/scheduler/snapshots",
        "/api/ops/scheduler/snapshots/{snapshot_id}",
        "/api/evidence/resolve",
        "/api/evidence/index/latest",
        "/api/evidence/index/regenerate",
        "/api/evidence/health/latest",
        "/api/evidence/health/regenerate",
        "/api/evidence/resolve",
        "/api/ops/summary/latest",
        "/api/ops/summary/regenerate",
        "/api/ops/drill/latest",
        "/api/ops/drill/run",
        "/api/tickets/reaper/latest",
        "/api/tickets/reaper/run",
        "/api/strategy_bundle/latest",
        "/api/strategy_bundle/regenerate_snapshot",
        "/api/reco/latest",
        "/api/reco/regenerate",
        "/api/live/cycle/run",
        "/api/live/cycle/latest",
        "/api/sync/pull",
        "/api/sync/push",
        "/api/ssot/snapshot",
        "/api/settings/mode",
        "/api/operator/dashboard/draft",
        "/api/operator/dashboard/draft/submit",
        "/api/operator/ticket/regenerate"
    ],
    "forbidden_paths": [
        "_archive/**"
    ],
    "rules": {
        "import_from_archive": "FORBIDDEN",
        "latest_only": "UI/Backend는 reports/phase_c/latest/ 경로만 읽음",
        "ticket_append_only": "state/tickets/*.jsonl은 Append-only",
        "two_key_approval": "REAL_ENABLED 진입에 2개 Key 필요",
        "real_window_required": "REAL 실행에 Window ACTIVE 필수",
        "preflight_required": "REQUEST_RECONCILE REAL 실행 전 Preflight 필수"
    }
}