date,ticker,action,shares,price
2023-02-14,364980,BUY,209,15900.0
2023-02-14,445290,BUY,281,11835.0
2023-02-14,371460,BUY,265,12560.0
2023-02-16,371460,SELL,265,12385.0
2023-02-23,434730,BUY,330,9915.0
2023-02-24,434730,SELL,330,9805.0
2023-02-27,364980,SELL,209,15090.0
2023-02-28,364980,BUY,319,15410.0
2023-03-14,445290,SELL,281,11675.0
2023-03-15,434730,BUY,332,10105.0
2023-03-23,434730,SELL,332,9740.0
2023-03-23,445290,BUY,352,13230.0
2023-03-29,364980,SELL,319,17195.0
2023-03-29,445290,SELL,352,13280.0
2023-03-29,305540,BUY,36,27980.0
2023-03-29,446700,BUY,70,14410.0
2023-03-29,305720,BUY,37,27000.0
2023-03-29,422420,BUY,82,12340.0
2023-03-29,388420,BUY,114,8875.0
2023-03-29,229200,BUY,82,12345.0
2023-03-29,395160,BUY,121,8400.0
2023-03-29,381170,BUY,96,10510.0
2023-03-29,426030,BUY,98,10365.0
2023-03-29,381560,BUY,113,8995.0
2023-03-30,381560,SELL,113,9115.0
2023-03-30,445290,BUY,75,13590.0
2023-03-31,445290,SELL,75,13215.0
2023-03-31,396500,BUY,126,8210.0
2023-04-03,396500,SELL,126,8170.0
2023-04-03,379810,BUY,92,11400.0
2023-04-05,379810,SELL,92,11350.0
2023-04-05,449450,BUY,93,11285.0
2023-04-06,426030,SELL,98,10625.0
2023-04-06,411060,BUY,85,12275.0
2023-04-07,449450,SELL,93,11065.0
2023-04-07,426030,BUY,95,10755.0
2023-04-10,411060,SELL,85,12205.0
2023-04-10,426030,SELL,95,10730.0
2023-04-10,381560,BUY,114,9550.0
2023-04-10,364980,BUY,52,18755.0
2023-04-12,364980,SELL,52,18650.0
2023-04-12,449450,BUY,85,11330.0
2023-04-13,381170,SELL,96,10725.0
2023-04-13,421320,BUY,94,10940.0
2023-04-14,449450,SELL,85,11250.0
2023-04-14,421320,SELL,94,10840.0
2023-04-14,364980,BUY,55,19350.0
2023-04-14,381170,BUY,84,10890.0
2023-04-17,395160,SELL,121,8600.0
2023-04-17,381170,SELL,84,10990.0
2023-04-17,449450,BUY,94,11560.0
2023-04-17,434730,BUY,78,11220.0
2023-04-18,434730,SELL,78,10955.0
2023-04-18,139230,BUY,265,3250.0
2023-04-20,388420,SELL,114,8815.0
2023-04-20,421320,BUY,90,11125.0
2023-04-21,421320,SELL,90,10910.0
2023-04-21,388420,BUY,110,8955.0
2023-04-24,364980,SELL,55,19030.0
2023-04-24,388420,SELL,110,8705.0
2023-04-24,381170,BUY,95,10935.0
2023-04-24,434730,BUY,88,10960.0
2023-04-25,422420,SELL,82,12440.0
2023-04-25,229200,SELL,82,12600.0
2023-04-25,421320,BUY,93,11095.0
2023-04-25,411060,BUY,83,12260.0
2023-04-26,434730,SELL,88,10675.0
2023-04-26,421320,SELL,93,10770.0
2023-04-26,379810,BUY,89,11395.0
2023-04-26,133690,BUY,12,77050.0
2023-04-27,381560,SELL,114,9365.0
2023-04-27,133690,SELL,12,77160.0
2023-04-27,422420,BUY,80,12815.0
2023-04-27,229200,BUY,75,12980.0
2023-04-28,411060,SELL,83,12205.0
2023-04-28,422420,SELL,80,12595.0
2023-04-28,133690,BUY,13,78570.0
2023-04-28,426030,BUY,92,10875.0
2023-05-02,139230,SELL,265,3210.0
2023-05-02,422420,BUY,66,12870.0
2023-05-03,229200,SELL,75,12765.0
2023-05-03,422420,SELL,66,12460.0
2023-05-03,411060,BUY,81,12415.0
2023-05-03,388420,BUY,88,8775.0
2023-05-04,426030,SELL,92,10710.0
2023-05-04,388420,SELL,88,8630.0
2023-05-04,229200,BUY,78,12860.0
2023-05-04,139230,BUY,236,3160.0
2023-05-08,305720,SELL,37,27640.0
2023-05-08,426030,BUY,92,10865.0
2023-05-09,229200,SELL,78,12620.0
2023-05-09,379800,BUY,81,12285.0
2023-05-11,305540,SELL,36,27700.0
2023-05-11,446700,SELL,70,14050.0
2023-05-11,442320,BUY,101,9925.0
2023-05-11,360200,BUY,71,13890.0
2023-05-12,442320,SELL,101,9885.0
2023-05-12,360750,BUY,72,13825.0
2023-05-18,411060,SELL,81,12215.0
2023-05-18,381180,BUY,89,11110.0
2023-05-19,379800,SELL,81,12515.0
2023-05-19,360200,SELL,71,14110.0
2023-05-19,360750,SELL,72,13965.0
2023-05-19,388420,BUY,112,9125.0
2023-05-19,396500,BUY,123,8315.0
2023-05-19,395160,BUY,114,8605.0
2023-05-22,381180,SELL,89,11305.0
2023-05-22,395270,BUY,119,8460.0
2023-05-25,395160,SELL,114,8540.0
2023-05-25,381180,BUY,85,11460.0
2023-05-26,449450,SELL,94,11600.0
2023-05-26,395160,BUY,120,8670.0
2023-06-05,395160,SELL,120,8825.0
2023-06-05,139260,BUY,32,33065.0
2023-06-07,388420,SELL,112,9315.0
2023-06-07,139260,SELL,32,33065.0
2023-06-07,305540,BUY,33,31760.0
2023-06-07,305720,BUY,35,30625.0
2023-06-08,379810,SELL,89,12310.0
2023-06-08,133690,SELL,13,83080.0
2023-06-08,388420,BUY,112,9425.0
2023-06-08,139260,BUY,32,33070.0
2023-06-12,388420,SELL,112,9570.0
2023-06-12,139260,SELL,32,33445.0
2023-06-12,422420,BUY,78,13735.0
2023-06-12,364980,BUY,54,19950.0
2023-06-13,364980,SELL,54,20060.0
2023-06-13,139260,BUY,32,34055.0
2023-06-14,305540,SELL,33,31345.0
2023-06-14,305720,SELL,35,29765.0
2023-06-14,422420,SELL,78,13170.0
2023-06-14,394660,BUY,99,10810.0
2023-06-14,442320,BUY,102,10535.0
2023-06-14,379810,BUY,82,12615.0
2023-06-15,139260,SELL,32,33685.0
2023-06-15,442320,SELL,102,10540.0
2023-06-15,388420,BUY,110,9885.0
2023-06-15,395160,BUY,117,9175.0
2023-06-16,395160,SELL,117,9185.0
2023-06-16,442320,BUY,100,10660.0
2023-06-19,394660,SELL,99,10865.0
2023-06-19,449450,BUY,81,13390.0
2023-06-21,395270,SELL,119,9075.0
2023-06-21,388420,SELL,110,9795.0
2023-06-21,133690,BUY,12,86940.0
2023-06-21,394660,BUY,100,10905.0
2023-06-22,133690,SELL,12,85770.0
2023-06-22,394660,SELL,100,10720.0
2023-06-22,388420,BUY,109,9810.0
2023-06-22,395270,BUY,116,9070.0
2023-06-23,442320,SELL,100,10440.0
2023-06-23,133690,BUY,11,87330.0
2023-06-28,449450,SELL,81,12505.0
2023-06-28,456600,BUY,87,12350.0
2023-06-30,456600,SELL,87,12425.0
2023-06-30,394660,BUY,98,11030.0
2023-07-05,133690,SELL,11,88105.0
2023-07-05,449450,BUY,75,13100.0
2023-07-06,395270,SELL,116,9070.0
2023-07-06,133690,BUY,12,88160.0
2023-07-07,388420,SELL,109,9725.0
2023-07-07,305540,BUY,32,32370.0
2023-07-10,396500,SELL,123,8755.0
2023-07-10,422420,BUY,80,13250.0
2023-07-11,379810,SELL,82,12945.0
2023-07-11,133690,SELL,12,87320.0
2023-07-11,422420,SELL,80,13370.0
2023-07-11,434730,BUY,91,11835.0
2023-07-11,421320,BUY,93,11570.0
2023-07-11,396500,BUY,118,9035.0
2023-07-12,305540,SELL,32,31865.0
2023-07-12,434730,SELL,91,11730.0
2023-07-12,421320,SELL,93,11530.0
2023-07-12,388420,BUY,107,10095.0
2023-07-12,442320,BUY,100,10760.0
2023-07-12,395270,BUY,109,9205.0
2023-07-13,442320,SELL,100,10575.0
2023-07-13,434730,BUY,88,12020.0
2023-07-14,449450,SELL,75,13120.0
2023-07-14,434730,SELL,88,11645.0
2023-07-14,395160,BUY,116,9405.0
2023-07-14,456600,BUY,69,13310.0
2023-07-17,456600,SELL,69,13135.0
2023-07-17,305540,BUY,28,32510.0
2023-07-18,381170,SELL,95,13545.0
2023-07-18,394660,SELL,98,11155.0
2023-07-18,422420,BUY,78,14195.0
2023-07-18,229200,BUY,77,14360.0
2023-07-19,381180,SELL,85,12985.0
2023-07-19,395270,SELL,109,9475.0
2023-07-19,395160,SELL,116,9520.0
2023-07-19,305720,BUY,35,31810.0
2023-07-19,364980,BUY,52,21185.0
2023-07-19,381170,BUY,80,13765.0
2023-07-20,364980,SELL,52,20835.0
2023-07-20,381170,SELL,80,13675.0
2023-07-20,446700,BUY,68,16225.0
2023-07-20,395160,BUY,115,9605.0
2023-07-21,426030,SELL,92,13050.0
2023-07-21,395160,SELL,115,9435.0
2023-07-21,455850,BUY,88,12640.0
2023-07-21,364980,BUY,51,21510.0
2023-07-24,396500,SELL,118,9370.0
2023-07-24,395160,BUY,121,9515.0
2023-07-25,395160,SELL,121,9490.0
2023-07-25,381560,BUY,111,10575.0
2023-07-26,381560,SELL,111,10140.0
2023-07-26,381170,BUY,84,13560.0
2023-07-27,139230,SELL,236,3840.0
2023-07-27,446700,SELL,68,15620.0
2023-07-27,364980,SELL,51,20860.0
2023-07-27,396500,BUY,113,9610.0
2023-07-27,395270,BUY,113,9610.0
2023-07-27,371160,BUY,150,6090.0
2023-07-28,381170,SELL,84,13580.0
2023-07-28,364980,BUY,52,21470.0
2023-07-31,395270,SELL,113,9655.0
2023-07-31,446700,BUY,67,16630.0
2023-08-01,364980,SELL,52,21830.0
2023-08-01,139230,BUY,279,4065.0
2023-08-02,396500,SELL,113,9520.0
2023-08-02,446700,SELL,67,16120.0
2023-08-02,394660,BUY,94,11535.0
2023-08-02,426030,BUY,80,13435.0
2023-08-03,426030,SELL,80,13085.0
2023-08-03,446700,BUY,64,16200.0
2023-08-04,446700,SELL,64,15885.0
2023-08-04,381170,BUY,73,13935.0
2023-08-07,422420,SELL,78,13950.0
2023-08-07,305720,SELL,35,29845.0
2023-08-07,139230,SELL,279,3935.0
2023-08-07,394660,SELL,94,11310.0
2023-08-07,228790,BUY,447,2365.0
2023-08-07,442320,BUY,95,11050.0
2023-08-07,445290,BUY,75,14085.0
2023-08-07,381180,BUY,81,12975.0
2023-08-08,229200,SELL,77,14330.0
2023-08-08,139230,BUY,265,3965.0
2023-08-09,228790,SELL,447,2295.0
2023-08-09,381180,SELL,81,12930.0
2023-08-09,229200,BUY,71,14665.0
2023-08-09,422420,BUY,73,14390.0
2023-08-10,388420,SELL,107,10305.0
2023-08-10,455850,SELL,88,12025.0
2023-08-10,381170,SELL,73,13630.0
2023-08-10,139230,SELL,265,3930.0
2023-08-10,228790,BUY,403,2585.0
2023-08-10,446700,BUY,65,15895.0
2023-08-10,440910,BUY,95,10960.0
2023-08-10,379800,BUY,78,13290.0
2023-08-14,422420,SELL,73,13955.0
2023-08-14,446700,SELL,65,15645.0
2023-08-14,360200,BUY,69,14980.0
2023-08-14,360750,BUY,69,14820.0
2023-08-16,305540,SELL,28,32450.0
2023-08-16,445290,SELL,75,13650.0
2023-08-16,229200,SELL,71,13930.0
2023-08-16,381170,BUY,74,13750.0
2023-08-16,379810,BUY,76,13335.0
2023-08-16,133690,BUY,11,89860.0
2023-08-17,133690,SELL,11,89180.0
2023-08-17,229200,BUY,71,14250.0
2023-08-18,381170,SELL,74,13435.0
2023-08-18,379810,SELL,76,13050.0
2023-08-18,455850,BUY,80,12455.0
2023-08-18,388420,BUY,94,10545.0
2023-08-21,371160,SELL,150,5825.0
2023-08-21,379810,BUY,68,13075.0
2023-08-22,455850,SELL,80,12170.0
2023-08-22,388420,SELL,94,10345.0
2023-08-22,381170,BUY,73,13760.0
2023-08-22,305540,BUY,27,33980.0
2023-08-23,229200,SELL,71,14200.0
2023-08-23,305540,SELL,27,33060.0
2023-08-23,133690,BUY,11,89610.0
2023-08-23,371160,BUY,157,5970.0
2023-08-24,440910,SELL,95,10945.0
2023-08-24,379800,SELL,78,13290.0
2023-08-24,360200,SELL,69,14930.0
2023-08-24,360750,SELL,69,14765.0
2023-08-24,426030,BUY,75,13390.0
2023-08-24,229200,BUY,69,14550.0
2023-08-24,388420,BUY,95,10620.0
2023-08-24,381180,BUY,77,13000.0
2023-08-25,379810,SELL,68,12985.0
2023-08-25,133690,SELL,11,87475.0
2023-08-25,426030,SELL,75,12780.0
2023-08-25,388420,SELL,95,10265.0
2023-08-25,381180,SELL,77,12350.0
2023-08-25,305540,BUY,29,34110.0
2023-08-25,422420,BUY,70,13995.0
2023-08-25,379800,BUY,75,13055.0
2023-08-25,411060,BUY,84,11710.0
2023-08-25,161510,BUY,80,11285.0
2023-08-28,379800,SELL,75,13140.0
2023-08-28,411060,SELL,84,11695.0
2023-08-28,446700,BUY,63,15725.0
2023-08-28,445290,BUY,71,13700.0
2023-08-29,422420,SELL,70,14050.0
2023-08-29,446700,SELL,63,15645.0
2023-08-29,379800,BUY,76,13210.0
2023-08-29,102970,BUY,159,6105.0
2023-08-30,305540,SELL,29,34310.0
2023-08-30,161510,SELL,80,11425.0
2023-08-30,102970,SELL,159,6145.0
2023-08-30,379810,BUY,74,13505.0
2023-08-30,426030,BUY,75,13355.0
2023-08-30,133690,BUY,9,90910.0
2023-08-31,371160,SELL,157,6090.0
2023-08-31,456600,BUY,73,13825.0
2023-09-01,229200,SELL,69,14555.0
2023-09-01,379800,SELL,76,13395.0
2023-09-01,388420,BUY,91,11100.0
2023-09-01,455850,BUY,78,12935.0
2023-09-04,456600,SELL,73,13770.0
2023-09-04,371160,BUY,162,6225.0
2023-09-05,426030,SELL,75,13465.0
2023-09-05,371160,SELL,162,6165.0
2023-09-05,463250,BUY,88,11505.0
2023-09-05,456600,BUY,72,14000.0
2023-09-06,455850,SELL,78,12670.0
2023-09-06,426030,BUY,73,13550.0
2023-09-07,426030,SELL,73,13400.0
2023-09-07,455850,BUY,77,12680.0
2023-09-08,388420,SELL,91,10535.0
2023-09-08,455850,SELL,77,12370.0
2023-09-08,161510,BUY,86,11695.0
2023-09-08,426030,BUY,68,13375.0
2023-09-11,426030,SELL,68,13350.0
2023-09-11,102970,BUY,148,6140.0
2023-09-12,102970,SELL,148,6120.0
2023-09-12,426030,BUY,67,13455.0
2023-09-13,456600,SELL,72,13540.0
2023-09-13,426030,SELL,67,13240.0
2023-09-13,102970,BUY,159,6200.0
2023-09-13,379800,BUY,66,13350.0
2023-09-14,379800,SELL,66,13390.0
2023-09-14,456600,BUY,64,13770.0
2023-09-15,456600,SELL,64,13705.0
2023-09-15,426030,BUY,65,13420.0
2023-09-18,379810,SELL,74,13380.0
2023-09-18,133690,SELL,9,90105.0
2023-09-18,426030,SELL,65,13100.0
2023-09-18,434730,BUY,85,11675.0
2023-09-18,411060,BUY,84,11800.0
2023-09-18,379800,BUY,51,13300.0
2023-09-20,379800,SELL,51,13320.0
2023-09-20,379810,BUY,50,13415.0
2023-09-21,381170,SELL,73,13820.0
2023-09-21,445290,SELL,71,14080.0
2023-09-21,463250,SELL,88,10730.0
2023-09-21,379810,SELL,50,13260.0
2023-09-21,379800,BUY,73,13260.0
2023-09-21,423160,BUY,9,104295.0
2023-09-21,360200,BUY,65,14890.0
2023-09-22,379800,SELL,73,13080.0
2023-09-22,360200,SELL,65,14690.0
2023-09-22,459580,BUY,1,1012030.0
2023-09-25,434730,SELL,85,11325.0
2023-09-26,102970,SELL,159,5975.0
2023-10-04,228790,SELL,403,2395.0
2023-10-04,411060,SELL,84,11515.0
2023-10-05,381170,BUY,137,13890.0
2023-10-10,461340,BUY,104,10250.0
2023-10-10,133690,BUY,11,90880.0
2023-10-10,379810,BUY,79,13480.0
2023-10-12,423160,SELL,9,104535.0
2023-10-12,459580,SELL,1,1014120.0
2023-10-12,426030,BUY,72,13450.0
2023-10-12,456600,BUY,71,13535.0
2023-10-13,381180,BUY,38,12750.0
2023-10-16,456600,SELL,71,13250.0
2023-10-16,381180,SELL,38,12500.0
2023-10-16,411060,BUY,80,11900.0
2023-10-19,461340,SELL,104,10140.0
2023-10-19,426030,SELL,72,13070.0
2023-10-19,440910,BUY,88,10795.0
2023-10-19,396500,BUY,103,9300.0
2023-10-19,423160,BUY,5,104610.0
2023-10-20,381170,SELL,137,13865.0
2023-10-20,133690,SELL,11,88910.0
2023-10-20,379810,SELL,79,13205.0
2023-10-20,459580,BUY,1,1014940.0
2023-10-23,440910,SELL,88,10620.0
2023-10-23,396500,SELL,103,9140.0
2023-10-24,396500,BUY,143,9390.0
2023-10-24,395270,BUY,146,9250.0
2023-10-25,228790,BUY,481,2465.0
2023-10-26,396500,SELL,143,8995.0
2023-10-26,395270,SELL,146,8785.0
2023-10-26,228790,SELL,481,2415.0
2023-10-27,161510,SELL,86,11595.0
2023-10-30,371460,BUY,214,8680.0
2023-10-31,371460,SELL,214,8500.0
2023-11-02,396500,BUY,167,9300.0
2023-11-02,395270,BUY,169,9180.0
2023-11-03,463250,BUY,101,10200.0
2023-11-03,440910,BUY,96,10755.0
2023-11-06,442320,SELL,95,12160.0
2023-11-06,411060,SELL,80,11820.0
2023-11-06,423160,SELL,5,104775.0
2023-11-06,459580,SELL,1,1016435.0
2023-11-06,440910,SELL,96,10760.0
2023-11-06,364980,BUY,54,17410.0
2023-11-06,102970,BUY,147,6370.0
2023-11-06,445290,BUY,68,13765.0
2023-11-06,139260,BUY,29,31675.0
2023-11-06,395160,BUY,104,8990.0
2023-11-07,364980,SELL,54,15125.0
2023-11-07,139260,SELL,29,30935.0
2023-11-07,388420,BUY,86,10610.0
2023-11-07,455850,BUY,74,12370.0
2023-11-08,395160,SELL,104,8790.0
2023-11-08,228790,BUY,358,2545.0
2023-11-10,445290,SELL,68,13220.0
2023-11-10,228790,SELL,358,2430.0
2023-11-10,395160,BUY,102,8905.0
2023-11-10,449450,BUY,82,11170.0
2023-11-13,388420,SELL,86,10450.0
2023-11-13,455850,SELL,74,12110.0
2023-11-13,395160,SELL,102,8775.0
2023-11-13,449450,SELL,82,11100.0
2023-11-13,426030,BUY,66,13660.0
2023-11-13,461340,BUY,86,10500.0
2023-11-13,381170,BUY,62,14435.0
2023-11-13,456600,BUY,68,13230.0
2023-11-15,381170,SELL,62,14570.0
2023-11-15,442320,BUY,72,12770.0
2023-11-16,426030,SELL,66,13630.0
2023-11-16,456600,SELL,68,13440.0
2023-11-16,388420,BUY,83,11015.0
2023-11-16,445290,BUY,66,13925.0
2023-11-17,461340,SELL,86,10520.0
2023-11-17,455850,BUY,72,12735.0
2023-11-21,102970,SELL,147,6360.0
2023-11-21,426030,BUY,66,13945.0
2023-11-24,395270,SELL,169,9675.0
2023-11-24,434730,BUY,80,11430.0
2023-11-24,461340,BUY,85,10770.0
2023-11-27,463250,SELL,101,10475.0
2023-11-27,440910,BUY,82,11310.0
2023-11-28,426030,SELL,66,13870.0
2023-11-28,440910,SELL,82,11190.0
2023-11-28,463250,BUY,86,10875.0
2023-11-28,395270,BUY,94,9915.0
2023-11-29,434730,SELL,80,11350.0
2023-11-29,461340,SELL,85,10745.0
2023-11-29,395160,BUY,100,9320.0
2023-11-29,364980,BUY,61,15255.0
2023-11-30,442320,SELL,72,12670.0
2023-11-30,434730,BUY,82,11440.0
2023-12-01,364980,SELL,61,14740.0
2023-12-01,434730,SELL,82,11485.0
2023-12-01,449450,BUY,78,11930.0
2023-12-01,442320,BUY,70,13195.0
2023-12-04,463250,SELL,86,10800.0
2023-12-04,440910,BUY,80,11585.0
2023-12-05,395270,SELL,94,9720.0
2023-12-05,395160,SELL,100,9100.0
2023-12-05,426030,BUY,65,13985.0
2023-12-05,421320,BUY,86,10555.0
2023-12-06,421320,SELL,86,10600.0
2023-12-06,461340,BUY,85,10815.0
2023-12-07,445290,SELL,66,14190.0
2023-12-07,276990,BUY,55,16320.0
2023-12-08,442320,SELL,70,13115.0
2023-12-08,276990,SELL,55,16115.0
2023-12-08,395160,BUY,98,9355.0
2023-12-08,395270,BUY,92,9925.0
2023-12-12,395270,SELL,92,10020.0
2023-12-12,421320,BUY,84,11050.0
2023-12-13,395160,SELL,98,9410.0
2023-12-13,381180,BUY,67,13755.0
2023-12-14,449450,SELL,78,11840.0
2023-12-14,395270,BUY,91,10215.0
2023-12-15,426030,SELL,65,14445.0
2023-12-15,276990,BUY,55,16965.0
2023-12-19,395270,SELL,91,10155.0
2023-12-19,426030,BUY,64,14685.0
2023-12-21,440910,SELL,80,11720.0
2023-12-21,395160,BUY,97,9660.0
2023-12-22,396500,SELL,167,10450.0
2023-12-22,440910,BUY,79,11935.0
2023-12-22,395270,BUY,85,10325.0
2023-12-26,455850,SELL,72,13360.0
2023-12-26,396500,BUY,90,10480.0
2023-12-27,461340,SELL,85,11325.0
2023-12-27,455850,BUY,69,13650.0
2023-12-28,440910,SELL,79,12010.0
2023-12-28,455850,SELL,69,13620.0
2023-12-28,292150,BUY,79,12010.0
2023-12-28,102110,BUY,26,36295.0
2024-01-02,426030,SELL,64,14890.0
2024-01-02,102110,SELL,26,36465.0
2024-01-02,455850,BUY,69,13950.0
2024-01-02,449450,BUY,78,12285.0
2024-01-03,396500,SELL,90,10470.0
2024-01-03,292150,SELL,79,11755.0
2024-01-03,463250,BUY,78,12110.0
2024-01-03,440910,BUY,78,11975.0
2024-01-04,440910,SELL,78,11775.0
2024-01-04,396500,BUY,88,10465.0
2024-01-05,395270,SELL,85,10255.0
2024-01-05,229200,BUY,63,13935.0
2024-01-08,276990,SELL,55,16630.0
2024-01-08,426030,BUY,62,14560.0
2024-01-09,395160,SELL,97,9640.0
2024-01-09,396500,SELL,88,10405.0
2024-01-09,461340,BUY,82,11375.0
2024-01-09,276990,BUY,55,16850.0
2024-01-10,455850,SELL,69,13410.0
2024-01-10,379810,BUY,63,14630.0
2024-01-11,388420,SELL,83,11585.0
2024-01-11,465580,BUY,87,10870.0
2024-01-12,229200,SELL,63,13685.0
2024-01-12,133690,BUY,8,98650.0
2024-01-15,133690,SELL,8,99475.0
2024-01-15,442320,BUY,62,14385.0
2024-01-16,449450,SELL,78,12170.0
2024-01-16,133690,BUY,9,99605.0
2024-01-17,421320,SELL,84,11225.0
2024-01-17,463250,SELL,78,11920.0
2024-01-17,381170,BUY,60,15530.0
2024-01-17,379800,BUY,65,14435.0
2024-01-18,276990,SELL,55,16850.0
2024-01-18,381170,SELL,60,15545.0
2024-01-18,379800,SELL,65,14360.0
2024-01-18,469060,BUY,77,12105.0
2024-01-18,469050,BUY,77,12200.0
2024-01-18,469070,BUY,77,12100.0
2024-01-19,133690,SELL,9,101850.0
2024-01-19,381170,BUY,60,15840.0
2024-01-22,442320,SELL,62,14260.0
2024-01-22,469070,SELL,77,12570.0
2024-01-22,133690,BUY,9,104130.0
2024-01-22,456600,BUY,58,15750.0
2024-01-29,456600,SELL,58,15455.0
2024-01-29,379800,BUY,61,14800.0
2024-01-31,379800,SELL,61,14820.0
2024-01-31,442320,BUY,64,14200.0
2024-02-01,381170,SELL,60,15825.0
2024-02-01,133690,SELL,9,102070.0
2024-02-01,161510,BUY,71,13540.0
2024-02-01,102970,BUY,127,7150.0
2024-02-02,379810,SELL,63,15390.0
2024-02-02,381170,BUY,59,16275.0
2024-02-06,442320,SELL,64,14235.0
2024-02-06,379810,BUY,59,15575.0
2024-02-08,379810,SELL,59,15690.0
2024-02-08,456600,BUY,56,16410.0
2024-02-20,381170,SELL,59,16685.0
2024-02-20,434730,BUY,79,12435.0
2024-02-21,456600,SELL,56,16890.0
2024-02-21,446700,BUY,73,13100.0
2024-02-22,434730,SELL,79,12405.0
2024-02-22,446700,SELL,73,13005.0
2024-02-22,456600,BUY,58,17505.0
2024-02-22,449450,BUY,69,13205.0
2024-02-23,449450,SELL,69,13015.0
2024-02-23,381170,BUY,52,17075.0
2024-02-26,161510,SELL,71,13760.0
2024-02-26,381170,SELL,52,17005.0
2024-02-26,434730,BUY,80,12815.0
2024-02-26,449450,BUY,63,13325.0
2024-02-27,434730,SELL,80,12400.0
2024-02-27,161510,BUY,73,13680.0
2024-02-29,456600,SELL,58,17510.0
2024-02-29,421320,BUY,82,12350.0
2024-03-04,421320,SELL,82,12365.0
2024-03-04,456600,BUY,55,18390.0
2024-03-06,465580,SELL,87,12345.0
2024-03-06,456600,SELL,55,18295.0
2024-03-06,421320,BUY,82,12875.0
2024-03-06,396500,BUY,87,11775.0
2024-03-11,461340,SELL,82,13530.0
2024-03-11,102970,SELL,127,7340.0
2024-03-11,455850,BUY,70,14970.0
2024-03-11,388420,BUY,77,12980.0
2024-03-12,421320,SELL,82,12550.0
2024-03-12,371460,BUY,132,7790.0
2024-03-13,396500,SELL,87,11780.0
2024-03-13,455850,SELL,70,15055.0
2024-03-13,371460,SELL,132,7805.0
2024-03-13,102970,BUY,139,7640.0
2024-03-13,461340,BUY,77,13775.0
2024-03-13,434730,BUY,73,13460.0
2024-03-14,388420,SELL,77,12980.0
2024-03-14,139230,BUY,263,3830.0
2024-03-15,381180,SELL,67,16875.0
2024-03-15,469050,SELL,77,14245.0
2024-03-15,388420,BUY,80,12995.0
2024-03-15,371460,BUY,135,7795.0
2024-03-18,102970,SELL,139,7595.0
2024-03-18,461340,SELL,77,13550.0
2024-03-18,466920,BUY,107,9870.0
2024-03-18,381180,BUY,62,17095.0
2024-03-19,434730,SELL,73,13540.0
2024-03-19,381180,SELL,62,16845.0
2024-03-19,229200,BUY,70,14865.0
2024-03-19,465580,BUY,83,12555.0
2024-03-20,469060,SELL,77,14045.0
2024-03-20,102970,BUY,139,7595.0
2024-03-21,371460,SELL,135,7880.0
2024-03-21,229200,SELL,70,15110.0
2024-03-21,465580,SELL,83,12810.0
2024-03-21,396500,BUY,88,12145.0
2024-03-21,395160,BUY,97,10990.0
2024-03-21,455850,BUY,70,15270.0
2024-03-22,388420,SELL,80,13240.0
2024-03-22,102970,SELL,139,7720.0
2024-03-22,395160,SELL,97,10925.0
2024-03-22,455850,SELL,70,15120.0
2024-03-22,469060,BUY,73,14565.0
2024-03-22,381180,BUY,61,17460.0
2024-03-22,461340,BUY,76,14075.0
2024-03-22,229200,BUY,70,15135.0
2024-03-25,161510,SELL,73,14605.0
2024-03-25,465580,BUY,82,12990.0
2024-03-26,466920,SELL,107,9870.0
2024-03-26,381180,SELL,61,17470.0
2024-03-26,465580,SELL,82,13010.0
2024-03-26,395160,BUY,96,11125.0
2024-03-26,455850,BUY,69,15430.0
2024-03-26,395270,BUY,93,11560.0
2024-03-27,461340,SELL,76,14205.0
2024-03-27,388420,BUY,79,13665.0
2024-03-29,469060,SELL,73,14730.0
2024-03-29,229200,SELL,70,15170.0
2024-03-29,411060,BUY,77,14240.0
2024-03-29,139260,BUY,30,35595.0
2024-04-01,139260,SELL,30,35540.0
2024-04-01,469060,BUY,73,14810.0
2024-04-03,469060,SELL,73,14610.0
2024-04-03,228790,BUY,415,2590.0
2024-04-04,228790,SELL,415,2560.0
2024-04-04,442320,BUY,66,15980.0
2024-04-05,426030,SELL,62,18735.0
2024-04-05,434730,BUY,74,14840.0
2024-04-08,139230,SELL,263,3895.0
2024-04-08,426030,BUY,57,19080.0
2024-04-09,426030,SELL,57,19050.0
2024-04-09,139230,BUY,275,3975.0
2024-04-12,434730,SELL,74,15390.0
2024-04-12,426030,BUY,57,19695.0
2024-04-15,426030,SELL,57,19395.0
2024-04-15,434730,BUY,72,15545.0
2024-04-16,139230,SELL,275,3830.0
2024-04-16,434730,SELL,72,14395.0
2024-04-16,465580,BUY,82,13155.0
2024-04-16,381170,BUY,56,18090.0
2024-04-17,442320,SELL,66,15055.0
2024-04-17,381170,SELL,56,17995.0
2024-04-17,228790,BUY,416,2595.0
2024-04-17,426030,BUY,48,18900.0
2024-04-18,395270,SELL,93,11970.0
2024-04-18,465580,SELL,82,12870.0
2024-04-18,426030,SELL,48,18565.0
2024-04-18,466920,BUY,106,10230.0
2024-04-18,139230,BUY,269,4050.0
2024-04-18,434730,BUY,58,15490.0
2024-04-19,395160,SELL,96,11250.0
2024-04-19,442320,BUY,68,15720.0
2024-04-23,455850,SELL,69,15370.0
2024-04-23,388420,SELL,79,13295.0
2024-04-23,421320,BUY,82,12870.0
2024-04-23,371160,BUY,203,5230.0
2024-04-24,371160,SELL,203,5365.0
2024-04-24,455850,BUY,67,16035.0
2024-04-25,396500,SELL,88,12495.0
2024-04-25,371160,BUY,200,5370.0
2024-04-26,455850,SELL,67,15855.0
2024-04-26,396500,BUY,86,12700.0
2024-04-29,396500,SELL,86,12665.0
2024-04-29,455850,BUY,68,16030.0
2024-04-30,421320,SELL,82,12890.0
2024-04-30,457480,BUY,97,11055.0
2024-05-02,455850,SELL,68,15850.0
2024-05-02,457480,SELL,97,10140.0
2024-05-02,421320,BUY,81,13290.0
2024-05-02,388420,BUY,71,13825.0
2024-05-03,421320,SELL,81,13030.0
2024-05-03,455850,BUY,67,15815.0
2024-05-07,411060,SELL,77,14550.0
2024-05-07,396500,BUY,83,13095.0
2024-05-10,388420,SELL,71,13925.0
2024-05-10,455850,SELL,67,15870.0
2024-05-10,396500,SELL,83,12955.0
2024-05-10,411060,BUY,74,14820.0
2024-05-10,440910,BUY,82,13410.0
2024-05-10,465580,BUY,72,13415.0
2024-05-13,440910,SELL,82,13335.0
2024-05-13,381170,BUY,59,18415.0
2024-05-16,381170,SELL,59,18545.0
2024-05-16,396500,BUY,83,13145.0
2024-05-17,449450,SELL,63,15520.0
2024-05-17,396500,SELL,83,12980.0
2024-05-17,381170,BUY,59,18590.0
2024-05-17,469060,BUY,64,15060.0
2024-05-20,469060,SELL,64,15045.0
2024-05-20,396500,BUY,73,13145.0
2024-05-21,381170,SELL,59,18760.0
2024-05-21,396500,SELL,73,13175.0
2024-05-21,381180,BUY,61,18345.0
2024-05-21,469060,BUY,62,15335.0
2024-05-22,466920,SELL,106,10355.0
2024-05-22,381170,BUY,58,18900.0
2024-05-23,411060,SELL,74,14860.0
2024-05-23,469050,BUY,72,15370.0
2024-05-24,469050,SELL,72,15070.0
2024-05-24,466920,BUY,101,10750.0
2024-05-27,466920,SELL,101,10655.0
2024-05-27,456600,BUY,52,20450.0
2024-05-28,371160,SELL,200,5795.0
2024-05-28,396500,BUY,84,13635.0
2024-05-29,396500,SELL,84,13565.0
2024-05-29,469050,BUY,74,15530.0
2024-05-30,469050,SELL,74,15125.0
2024-05-30,426030,BUY,55,20380.0
2024-06-03,426030,SELL,55,19870.0
2024-06-03,466920,BUY,104,10600.0
2024-06-04,456600,SELL,52,20195.0
2024-06-04,466920,SELL,104,10360.0
2024-06-04,371160,BUY,194,5770.0
2024-06-04,426030,BUY,50,19945.0
2024-06-05,434730,SELL,58,17630.0
2024-06-05,469050,BUY,68,15095.0
2024-06-07,371160,SELL,194,5725.0
2024-06-07,461340,BUY,75,14805.0
2024-06-10,461340,SELL,75,14800.0
2024-06-10,379810,BUY,64,17390.0
2024-06-11,139230,SELL,269,4380.0
2024-06-11,379810,SELL,64,17510.0
2024-06-11,461340,BUY,75,15110.0
2024-06-11,456600,BUY,54,20860.0
2024-06-12,442320,SELL,68,17205.0
2024-06-12,456600,SELL,54,20870.0
2024-06-12,379810,BUY,65,17640.0
2024-06-12,133690,BUY,9,118100.0
2024-06-13,379810,SELL,65,17940.0
2024-06-13,133690,SELL,9,120100.0
2024-06-13,395270,BUY,91,12945.0
2024-06-13,396500,BUY,83,14125.0
2024-06-14,395270,SELL,91,12880.0
2024-06-14,396500,SELL,83,14095.0
2024-06-14,379810,BUY,65,18030.0
2024-06-14,133690,BUY,9,120730.0
2024-06-21,133690,SELL,9,122535.0
2024-06-21,139230,BUY,255,4660.0
2024-06-24,379810,SELL,65,18255.0
2024-06-24,466920,BUY,104,11295.0
2024-06-25,426030,SELL,50,20750.0
2024-06-25,469050,SELL,68,15695.0
2024-06-25,379810,BUY,64,18035.0
2024-06-25,133690,BUY,8,120740.0
2024-06-26,466920,SELL,104,11240.0
2024-06-26,426030,BUY,55,21230.0
2024-06-27,133690,SELL,8,121780.0
2024-06-27,426030,SELL,55,21035.0
2024-06-27,466920,BUY,103,11365.0
2024-06-27,395270,BUY,75,13160.0
2024-06-28,379810,SELL,64,18230.0
2024-06-28,457480,BUY,108,10785.0
2024-07-02,395270,SELL,75,13035.0
2024-07-02,379810,BUY,53,18285.0
2024-07-03,228790,SELL,416,3185.0
2024-07-03,139230,SELL,255,4655.0
2024-07-03,466920,SELL,103,11235.0
2024-07-03,133690,BUY,9,124075.0
2024-07-03,426030,BUY,55,21340.0
2024-07-03,469050,BUY,74,16025.0
2024-07-05,133690,SELL,9,124450.0
2024-07-05,395270,BUY,89,13515.0
2024-07-08,469050,SELL,74,16395.0
2024-07-08,133690,BUY,9,125670.0
2024-07-09,133690,SELL,9,126295.0
2024-07-09,469050,BUY,73,16750.0
2024-07-10,379810,SELL,53,18900.0
2024-07-10,139230,BUY,228,4920.0
2024-07-12,461340,SELL,75,15925.0
2024-07-12,426030,SELL,55,21520.0
2024-07-12,480310,BUY,103,11610.0
2024-07-12,466920,BUY,101,11635.0
2024-07-15,395270,SELL,89,13365.0
2024-07-15,466920,SELL,101,11730.0
2024-07-15,442320,BUY,64,18970.0
2024-07-15,461340,BUY,72,16185.0
2024-07-16,442320,SELL,64,18660.0
2024-07-16,461340,SELL,72,16205.0
2024-07-16,466920,BUY,100,12140.0
2024-07-16,426030,BUY,52,22035.0
2024-07-17,465580,SELL,72,15765.0
2024-07-17,426030,SELL,52,21750.0
2024-07-17,102970,BUY,155,7820.0
2024-07-17,449450,BUY,60,17390.0
2024-07-18,469060,SELL,62,16600.0
2024-07-18,469050,SELL,73,16050.0
2024-07-18,480310,SELL,103,11180.0
2024-07-18,161510,BUY,77,15160.0
2024-07-18,465580,BUY,76,15430.0
2024-07-18,411060,BUY,65,15715.0
2024-07-19,411060,SELL,65,15445.0
2024-07-19,379800,BUY,57,17540.0
2024-07-22,381180,SELL,61,19515.0
2024-07-22,426030,BUY,54,21195.0
2024-07-23,379800,SELL,57,17495.0
2024-07-23,434730,BUY,53,19485.0
2024-07-24,381170,SELL,58,21025.0
2024-07-24,465580,SELL,76,15330.0
2024-07-24,426030,SELL,54,21020.0
2024-07-24,421320,BUY,83,13940.0
2024-07-24,440910,BUY,83,14085.0
2024-07-24,478150,BUY,105,11070.0
2024-07-25,434730,SELL,53,18380.0
2024-07-25,411060,BUY,67,15170.0
2024-07-29,411060,SELL,67,15230.0
2024-07-29,360750,BUY,54,18945.0
2024-07-30,360750,SELL,54,18850.0
2024-07-30,411060,BUY,67,15255.0
2024-07-31,421320,SELL,83,13390.0
2024-07-31,379800,BUY,64,17140.0
2024-08-01,379800,SELL,64,17240.0
2024-08-01,421320,BUY,82,13605.0
2024-08-02,457480,SELL,108,10645.0
2024-08-02,421320,SELL,82,13180.0
2024-08-02,423160,BUY,10,107600.0
2024-08-02,459580,BUY,1,1043995.0
2024-08-05,139230,SELL,228,4510.0
2024-08-05,102970,SELL,155,6800.0
2024-08-05,449450,SELL,60,16110.0
2024-08-05,161510,SELL,77,14200.0
2024-08-05,440910,SELL,83,13075.0
2024-08-05,478150,SELL,105,10195.0
2024-08-06,139230,BUY,381,4735.0
2024-08-06,449450,BUY,109,16435.0
2024-08-07,161510,BUY,106,14760.0
2024-08-08,102970,BUY,170,7330.0
2024-08-14,459580,SELL,1,1045070.0
2024-08-14,478150,BUY,96,10910.0
2024-08-16,423160,SELL,10,107750.0
2024-08-16,440910,BUY,77,13975.0
2024-09-02,139230,SELL,381,4830.0
2024-09-02,364980,BUY,95,11680.0
2024-09-02,465330,BUY,61,11965.0
2024-09-04,466920,SELL,100,12035.0
2024-09-04,465330,SELL,61,11485.0
2024-09-04,423160,BUY,10,107925.0
2024-09-04,371460,BUY,123,6725.0
2024-09-06,449450,SELL,109,17065.0
2024-09-06,478150,SELL,96,10640.0
2024-09-06,440910,SELL,77,13670.0
2024-09-06,371460,SELL,123,6670.0
2024-09-06,459580,BUY,1,1047465.0
2024-09-10,364980,SELL,95,10315.0
2024-09-10,440910,BUY,97,13815.0
2024-09-10,478150,BUY,124,10825.0
2024-09-10,371460,BUY,201,6675.0
2024-09-11,161510,SELL,106,14765.0
2024-09-11,102970,SELL,170,7450.0
2024-09-11,440910,SELL,97,13675.0
2024-09-11,364980,BUY,163,10895.0
2024-09-12,456600,BUY,56,19095.0
2024-09-12,102970,BUY,141,7600.0
2024-09-12,449450,BUY,52,17395.0
2024-09-13,423160,SELL,10,108060.0
2024-09-13,459580,SELL,1,1048455.0
2024-09-13,371460,SELL,201,6665.0
2024-09-13,440910,BUY,77,13870.0
2024-09-13,434730,BUY,63,16875.0
2024-09-13,305540,BUY,53,20215.0
2024-09-19,440910,SELL,77,13900.0
2024-09-19,305540,SELL,53,20195.0
2024-09-19,139230,BUY,217,5000.0
2024-09-19,371160,BUY,200,5430.0
2024-09-23,102970,SELL,141,7845.0
2024-09-23,434730,SELL,63,17180.0
2024-09-23,442320,BUY,63,17375.0
2024-09-23,465330,BUY,93,11820.0
2024-09-24,411060,SELL,67,16095.0
2024-09-24,478150,SELL,124,11325.0
2024-09-24,449450,SELL,52,18250.0
2024-09-24,139230,SELL,217,5075.0
2024-09-24,305540,BUY,51,21640.0
2024-09-24,466810,BUY,156,7200.0
2024-09-24,371460,BUY,158,7080.0
2024-09-24,305720,BUY,62,17990.0
2024-09-27,456600,SELL,56,20275.0
2024-09-27,422420,BUY,124,9390.0
2024-10-02,364980,SELL,163,11725.0
2024-10-02,462010,BUY,187,6385.0
2024-10-02,446700,BUY,91,10825.0
2024-10-04,305720,SELL,62,17805.0
2024-10-04,462010,SELL,187,6220.0
2024-10-04,449450,BUY,63,18835.0
2024-10-04,456600,BUY,53,20540.0
2024-10-07,446700,SELL,91,10980.0
2024-10-07,478150,BUY,84,11870.0
2024-10-08,456600,SELL,53,20990.0
2024-10-08,478150,SELL,84,11840.0
2024-10-08,305720,BUY,65,18500.0
2024-10-08,462010,BUY,139,6480.0
2024-10-10,305720,SELL,65,18310.0
2024-10-10,462010,SELL,139,6345.0
2024-10-10,456600,BUY,55,21405.0
2024-10-10,461340,BUY,56,16060.0
2024-10-11,422420,SELL,124,9105.0
2024-10-11,478150,BUY,96,11780.0
2024-10-14,465330,SELL,93,11905.0
2024-10-14,305540,SELL,51,21140.0
2024-10-14,440910,BUY,78,14940.0
2024-10-14,426030,BUY,47,21260.0
2024-10-15,466810,SELL,156,6890.0
2024-10-15,381180,BUY,56,19485.0
2024-10-16,381180,SELL,56,18700.0
2024-10-16,411060,BUY,63,16690.0
2024-10-23,440910,SELL,78,15265.0
2024-10-23,381170,BUY,54,21960.0
2024-10-25,381170,SELL,54,21940.0
2024-10-25,457480,BUY,94,12525.0
2024-10-28,449450,SELL,63,20005.0
2024-10-28,456600,SELL,55,22540.0
2024-10-28,478150,SELL,96,12320.0
2024-10-28,446700,BUY,107,11340.0
2024-10-28,465580,BUY,75,16150.0
2024-10-28,381170,BUY,55,22220.0
2024-10-30,446700,SELL,107,10625.0
2024-10-30,449450,BUY,59,20090.0
2024-10-31,449450,SELL,59,19660.0
2024-10-31,478150,BUY,95,12125.0
2024-11-01,371460,SELL,158,8845.0
2024-11-01,449450,BUY,59,19585.0
2024-11-04,449450,SELL,59,19440.0
2024-11-04,446700,BUY,106,10950.0
2024-11-05,381170,SELL,55,21525.0
2024-11-05,371460,BUY,125,9330.0
2024-11-06,446700,SELL,106,10500.0
2024-11-06,371460,SELL,125,9410.0
2024-11-06,381170,BUY,53,22360.0
2024-11-06,449450,BUY,59,20240.0
2024-11-07,411060,SELL,63,17020.0
2024-11-07,381170,SELL,53,22645.0
2024-11-07,421320,BUY,81,14970.0
2024-11-07,463250,BUY,94,13000.0
2024-11-12,465580,SELL,75,16950.0
2024-11-12,440910,BUY,76,16535.0
2024-11-13,371160,SELL,200,6895.0
2024-11-13,421320,SELL,81,14965.0
2024-11-13,465580,BUY,74,16990.0
2024-11-13,381170,BUY,54,23160.0
2024-11-14,465580,SELL,74,16990.0
2024-11-14,381170,SELL,54,23125.0
2024-11-14,421320,BUY,81,15640.0
2024-11-14,139230,BUY,221,5740.0
2024-11-15,440910,SELL,76,15895.0
2024-11-15,139230,SELL,221,5525.0
2024-11-15,466920,BUY,89,13765.0
2024-11-15,465580,BUY,73,16700.0
2024-11-18,465580,SELL,73,16495.0
2024-11-18,139230,BUY,225,5500.0
2024-11-20,463250,SELL,94,13315.0
2024-11-20,421320,SELL,81,14700.0
2024-11-20,465580,BUY,75,16700.0
2024-11-20,381170,BUY,52,22935.0
2024-11-21,449450,SELL,59,20460.0
2024-11-21,440910,BUY,76,16080.0
2024-11-22,465580,SELL,75,16495.0
2024-11-22,449450,BUY,58,21190.0
2024-11-25,381170,SELL,52,22765.0
2024-11-25,449450,SELL,58,20560.0
2024-11-25,456600,BUY,50,25135.0
2024-11-25,469070,BUY,140,8035.0
2024-11-26,456600,SELL,50,24500.0
2024-11-26,276990,BUY,65,18850.0
2024-11-27,276990,SELL,65,18685.0
2024-11-27,465580,BUY,73,16550.0
2024-11-28,465580,SELL,73,16435.0
2024-11-28,379800,BUY,63,19140.0
2024-11-29,139230,SELL,225,5440.0
2024-11-29,465580,BUY,74,16480.0
2024-12-02,466920,SELL,89,13390.0
2024-12-02,381170,BUY,52,22835.0
2024-12-03,379800,SELL,63,19370.0
2024-12-03,379810,BUY,62,19830.0
2024-12-04,469070,SELL,140,7780.0
2024-12-04,133690,BUY,8,133650.0
2024-12-09,442320,SELL,63,20320.0
2024-12-09,456600,BUY,49,26590.0
2024-12-10,440910,SELL,76,16460.0
2024-12-10,456600,SELL,49,25615.0
2024-12-10,371160,BUY,173,7375.0
2024-12-10,394660,BUY,107,11455.0
2024-12-11,478150,SELL,95,13300.0
2024-12-11,466920,BUY,90,14040.0
2024-12-13,371160,SELL,173,7195.0
2024-12-13,379800,BUY,63,19820.0
2024-12-16,394660,SELL,107,11315.0
2024-12-16,478150,BUY,90,13455.0
2024-12-17,466920,SELL,90,14125.0
2024-12-17,379800,SELL,63,19925.0
2024-12-17,456600,BUY,49,26950.0
2024-12-17,440910,BUY,71,16875.0
2024-12-18,440910,SELL,71,16640.0
2024-12-18,466920,BUY,83,14210.0
2024-12-19,456600,SELL,49,25800.0
2024-12-19,379800,BUY,65,19480.0
2024-12-23,379800,SELL,65,19765.0
2024-12-23,139230,BUY,232,5585.0
2024-12-24,139230,SELL,232,5575.0
2024-12-24,456600,BUY,48,26660.0
2024-12-30,456600,SELL,48,27330.0
2024-12-30,440910,BUY,77,17050.0
2025-01-02,379810,SELL,62,20740.0
2025-01-02,133690,SELL,8,138185.0
2025-01-02,478150,SELL,90,13660.0
2025-01-02,440910,SELL,77,16710.0
2025-01-02,469070,BUY,142,9165.0
2025-01-02,445290,BUY,96,13500.0
2025-01-02,139230,BUY,228,5715.0
2025-01-02,463250,BUY,83,12270.0
2025-01-06,139230,SELL,228,5720.0
2025-01-06,463250,SELL,83,12240.0
2025-01-06,487750,BUY,173,7580.0
2025-01-06,478150,BUY,71,14110.0
2025-01-07,487750,SELL,173,7410.0
2025-01-07,478150,SELL,71,13850.0
2025-01-07,463250,BUY,105,12470.0
2025-01-07,139230,BUY,164,5850.0
2025-01-08,426030,SELL,47,26940.0
2025-01-08,381170,SELL,52,25400.0
2025-01-08,445290,SELL,96,13305.0
2025-01-08,463250,SELL,105,12345.0
2025-01-08,455850,BUY,112,11590.0
2025-01-08,388420,BUY,123,10550.0
2025-01-08,396500,BUY,123,10520.0
2025-01-08,487750,BUY,168,7580.0
2025-01-09,461340,SELL,56,20700.0
2025-01-09,445290,BUY,85,13660.0
2025-01-10,445290,SELL,85,13540.0
2025-01-10,461340,BUY,55,20870.0
2025-01-13,396500,SELL,123,10095.0
2025-01-13,487750,SELL,168,7295.0
2025-01-13,445290,BUY,93,13580.0
2025-01-13,463250,BUY,100,12065.0
2025-01-14,461340,SELL,55,20365.0
2025-01-14,449450,BUY,53,21135.0
2025-01-15,465580,SELL,74,18260.0
2025-01-15,434730,BUY,68,18835.0
2025-01-16,463250,SELL,100,12175.0
2025-01-16,487750,BUY,170,7580.0
2025-01-17,449450,SELL,53,21215.0
2025-01-17,396500,BUY,106,10560.0
2025-01-21,434730,SELL,68,19560.0
2025-01-21,449450,BUY,61,21755.0
2025-01-22,457480,SELL,94,18575.0
2025-01-22,445290,SELL,93,14235.0
2025-01-22,449450,SELL,61,21655.0
2025-01-22,434730,BUY,66,20500.0
2025-01-22,442320,BUY,58,23200.0
2025-01-22,395270,BUY,129,10520.0
2025-01-23,395270,SELL,129,10255.0
2025-01-23,461340,BUY,60,21915.0
2025-01-24,461340,SELL,60,21850.0
2025-01-24,449450,BUY,60,22415.0
2025-01-31,388420,SELL,123,10295.0
2025-01-31,396500,SELL,106,10210.0
2025-01-31,445290,BUY,89,14735.0
2025-01-31,371160,BUY,168,7845.0
2025-02-03,487750,SELL,170,7155.0
2025-02-03,411060,BUY,63,19685.0
2025-02-04,455850,SELL,112,10935.0
2025-02-04,478150,BUY,84,14620.0
2025-02-05,442320,SELL,58,22325.0
2025-02-05,455850,BUY,116,11190.0
2025-02-06,478150,SELL,84,14605.0
2025-02-06,463250,BUY,92,13395.0
2025-02-07,434730,SELL,66,20250.0
2025-02-07,487750,BUY,168,7925.0
2025-02-10,139230,SELL,164,6300.0
2025-02-10,388420,BUY,97,10645.0
2025-02-11,388420,SELL,97,10645.0
2025-02-11,139230,BUY,162,6410.0
2025-02-12,445290,SELL,89,15065.0
2025-02-12,421320,BUY,81,16550.0
2025-02-18,455850,SELL,116,12160.0
2025-02-18,434730,BUY,61,22855.0
2025-02-19,411060,SELL,63,21025.0
2025-02-19,434730,SELL,61,22630.0
2025-02-19,455850,BUY,119,12555.0
2025-02-19,388420,BUY,109,11255.0
2025-02-20,388420,SELL,109,11055.0
2025-02-20,395160,BUY,127,9475.0
2025-02-25,487750,SELL,168,8030.0
2025-02-25,371460,BUY,126,10700.0
2025-02-26,395160,SELL,127,9240.0
2025-02-26,487750,BUY,146,8070.0
2025-02-27,455850,SELL,119,11700.0
2025-02-27,229200,BUY,105,13185.0
2025-02-28,469070,SELL,142,9340.0
2025-02-28,411060,BUY,67,19815.0
2025-03-04,487750,SELL,146,7635.0
2025-03-04,478150,BUY,76,14735.0
2025-03-06,229200,SELL,105,12385.0
2025-03-06,228790,BUY,456,2850.0
2025-03-07,411060,SELL,67,19855.0
2025-03-07,381560,BUY,178,7450.0
2025-03-10,228790,SELL,456,2775.0
2025-03-10,364980,BUY,144,8780.0
2025-03-11,478150,SELL,76,14180.0
2025-03-11,381560,SELL,178,7275.0
2025-03-11,364980,SELL,144,8505.0
2025-03-11,228790,BUY,520,2790.0
2025-03-11,411060,BUY,73,19690.0
2025-03-12,411060,SELL,73,19660.0
2025-03-12,364980,BUY,163,8770.0
2025-03-12,395160,BUY,81,8895.0
2025-03-13,371460,SELL,126,10420.0
2025-03-13,364980,SELL,163,8610.0
2025-03-13,395160,SELL,81,8815.0
2025-03-13,102970,BUY,178,8075.0
2025-03-13,478150,BUY,98,14575.0
2025-03-14,102970,SELL,178,8030.0
2025-03-14,478150,SELL,98,14630.0
2025-03-14,371460,BUY,133,10830.0
2025-03-14,455850,BUY,123,11695.0
2025-03-17,371460,SELL,133,10750.0
2025-03-17,395160,BUY,160,9255.0
2025-03-18,455850,SELL,123,11725.0
2025-03-18,478150,BUY,98,15125.0
2025-03-21,478150,SELL,98,14890.0
2025-03-21,395270,BUY,133,10730.0
2025-03-24,466920,SELL,83,19155.0
2025-03-24,148020,BUY,39,35995.0
2025-03-25,463250,SELL,92,18205.0
2025-03-25,139230,SELL,162,6725.0
2025-03-25,228790,SELL,520,2855.0
2025-03-25,395270,SELL,133,10380.0
2025-03-25,292150,BUY,120,11585.0
2025-03-25,478150,BUY,93,15050.0
2025-03-25,102970,BUY,169,8270.0
2025-03-25,152100,BUY,38,36165.0
2025-03-25,102110,BUY,21,35490.0
2025-03-26,292150,SELL,120,11595.0
2025-03-26,395270,BUY,131,10570.0
2025-03-27,395270,SELL,131,10355.0
2025-03-27,228790,BUY,476,2860.0
2025-03-28,421320,SELL,81,16185.0
2025-03-28,395160,SELL,160,8925.0
2025-03-28,411060,BUY,66,20640.0
2025-03-28,226490,BUY,51,26595.0
2025-03-31,148020,SELL,39,34050.0
2025-03-31,152100,SELL,38,34405.0
2025-03-31,102110,SELL,21,33800.0
2025-03-31,226490,SELL,51,25905.0
2025-03-31,423160,BUY,15,109890.0
2025-03-31,459580,BUY,1,1066235.0
2025-04-01,423160,SELL,15,109895.0
2025-04-01,459580,SELL,1,1066295.0
2025-04-01,421320,BUY,81,16780.0
2025-04-01,463250,BUY,74,18195.0
2025-04-01,152100,BUY,39,34925.0
2025-04-02,463250,SELL,74,17520.0
2025-04-02,152100,SELL,39,34720.0
2025-04-02,466920,BUY,72,18705.0
2025-04-02,423160,BUY,12,109905.0
2025-04-04,371160,SELL,168,8430.0
2025-04-04,478150,SELL,93,14335.0
2025-04-04,466920,SELL,72,18620.0
2025-04-04,459580,BUY,1,1066720.0
2025-04-07,102970,SELL,169,7510.0
2025-04-07,228790,SELL,476,2710.0
2025-04-07,411060,SELL,66,20010.0
2025-04-07,421320,SELL,81,15250.0
2025-04-08,411060,BUY,160,20175.0
2025-04-10,466920,BUY,96,19475.0
2025-04-10,228790,BUY,664,2830.0
2025-04-10,421320,BUY,107,16490.0
2025-04-15,459580,SELL,1,1067435.0
2025-04-15,139230,BUY,155,6905.0
2025-04-17,423160,SELL,12,110025.0
2025-04-17,463250,BUY,66,20010.0
2025-05-02,411060,SELL,160,20965.0
2025-05-02,102970,BUY,162,8870.0
2025-05-02,434730,BUY,67,21225.0
2025-05-14,421320,SELL,107,19835.0
2025-05-14,463250,SELL,66,21735.0
2025-05-14,456600,BUY,60,24905.0
2025-05-14,442320,BUY,68,22060.0
2025-05-14,457480,BUY,68,15345.0
2025-05-27,456600,SELL,60,25345.0
2025-05-27,421320,BUY,73,20955.0
2025-06-05,457480,SELL,68,14470.0
2025-06-05,161510,BUY,55,17765.0
2025-06-19,161510,SELL,55,18335.0
2025-06-19,463250,BUY,31,31935.0
2025-06-23,466920,SELL,96,26725.0
2025-06-23,469070,BUY,173,11275.0
2025-06-24,228790,SELL,664,4085.0
2025-06-24,463250,SELL,31,30150.0
2025-06-24,426030,BUY,67,29300.0
2025-06-24,139260,BUY,60,32675.0
2025-06-25,421320,SELL,73,23450.0
2025-06-25,396500,BUY,163,11955.0
2025-06-26,469070,SELL,173,10775.0
2025-06-26,395160,BUY,185,10425.0
2025-06-30,395160,SELL,185,10400.0
2025-06-30,228790,BUY,463,4170.0
2025-07-02,434730,SELL,67,35590.0
2025-07-02,469050,BUY,126,14925.0
2025-07-03,449450,SELL,60,46795.0
2025-07-03,228790,SELL,463,4025.0
2025-07-03,395160,BUY,180,10470.0
2025-07-03,395270,BUY,160,11715.0
2025-07-03,381180,BUY,73,20080.0
2025-07-04,139230,SELL,155,9930.0
2025-07-04,469060,BUY,97,15865.0
2025-07-07,396500,SELL,163,11645.0
2025-07-07,395160,SELL,180,10220.0
2025-07-07,139230,BUY,182,10160.0
2025-07-07,161510,BUY,95,19320.0
2025-07-08,469050,SELL,126,15000.0
2025-07-08,395270,SELL,160,11500.0
2025-07-08,381180,SELL,73,20015.0
2025-07-08,469060,SELL,97,15835.0
2025-07-08,228790,BUY,452,4160.0
2025-07-08,395160,BUY,180,10430.0
2025-07-08,292150,BUY,143,13110.0
2025-07-08,396500,BUY,98,11825.0
2025-07-09,395160,SELL,180,10320.0
2025-07-09,292150,SELL,143,13005.0
2025-07-09,396500,SELL,98,11675.0
2025-07-09,469050,BUY,124,15205.0
2025-07-09,381180,BUY,93,20350.0
2025-07-09,469060,BUY,67,16135.0
2025-07-10,381180,SELL,93,20360.0
2025-07-10,469060,SELL,67,16105.0
2025-07-10,396500,BUY,159,11970.0
2025-07-10,102110,BUY,24,43005.0
2025-07-11,139230,SELL,182,10375.0
2025-07-11,228790,SELL,452,4190.0
2025-07-11,102110,SELL,24,42990.0
2025-07-11,395160,BUY,179,10600.0
2025-07-11,469060,BUY,116,16320.0
2025-07-11,381180,BUY,51,20560.0
2025-07-14,469050,SELL,124,15315.0
2025-07-14,396500,SELL,159,12030.0
2025-07-14,395160,SELL,179,10560.0
2025-07-14,469060,SELL,116,16320.0
2025-07-14,381180,SELL,51,20575.0
2025-07-14,228790,BUY,446,4300.0
2025-07-14,292150,BUY,143,13325.0
2025-07-14,102110,BUY,44,43430.0
2025-07-14,152100,BUY,43,44130.0
2025-07-14,148020,BUY,23,43725.0
2025-07-15,102110,SELL,44,43675.0
2025-07-15,152100,SELL,43,44400.0
2025-07-15,148020,SELL,23,43975.0
2025-07-15,139230,BUY,179,10765.0
2025-07-15,395160,BUY,180,10730.0
2025-07-15,396500,BUY,82,12150.0
2025-07-16,228790,SELL,446,4220.0
2025-07-16,292150,SELL,143,13335.0
2025-07-16,395270,BUY,160,11915.0
2025-07-16,381180,BUY,91,20750.0
2025-07-17,139260,SELL,60,32210.0
2025-07-17,395160,SELL,180,10610.0
2025-07-17,396500,SELL,82,11930.0
2025-07-17,395270,SELL,160,11660.0
2025-07-17,449450,BUY,37,50675.0
2025-07-17,469060,BUY,114,16630.0
2025-07-17,461340,BUY,82,23205.0
2025-07-17,228790,BUY,238,4270.0
2025-07-18,469060,SELL,114,16610.0
2025-07-18,228790,SELL,238,4135.0
2025-07-18,440910,BUY,88,21450.0
2025-07-18,462010,BUY,244,4050.0
2025-07-21,161510,SELL,95,20350.0
2025-07-21,381180,SELL,91,21035.0
2025-07-21,305540,BUY,126,15225.0
2025-07-21,466810,BUY,399,4800.0
2025-07-22,440910,SELL,88,20880.0
2025-07-22,161510,BUY,91,20350.0
2025-07-23,449450,SELL,37,50285.0
2025-07-23,461340,SELL,82,22840.0
2025-07-23,305720,BUY,155,12090.0
2025-07-23,381560,BUY,230,8090.0
2025-07-24,161510,SELL,91,20270.0
2025-07-24,381560,SELL,230,8115.0
2025-07-24,465330,BUY,224,8430.0
2025-07-24,449450,BUY,35,50930.0
2025-07-28,102970,SELL,162,13260.0
2025-07-28,466920,BUY,67,28440.0
2025-07-30,426030,SELL,67,31010.0
2025-07-30,422420,BUY,312,6150.0
2025-07-31,465330,SELL,224,8260.0
2025-07-31,422420,SELL,312,5995.0
2025-07-31,426030,BUY,60,31870.0
2025-07-31,461340,BUY,80,23995.0
2025-08-01,462010,SELL,244,3855.0
2025-08-01,381170,BUY,48,26380.0
2025-08-04,461340,SELL,80,22995.0
2025-08-04,381170,SELL,48,25685.0
2025-08-04,462010,BUY,478,3880.0
2025-08-04,395270,BUY,104,11680.0
2025-08-05,395270,SELL,104,11860.0
2025-08-05,465330,BUY,146,8480.0
2025-08-06,426030,SELL,60,31330.0
2025-08-06,422420,BUY,307,6120.0
2025-08-08,449450,SELL,35,51475.0
2025-08-08,422420,SELL,307,6110.0
2025-08-08,446700,BUY,205,9335.0
2025-08-08,426030,BUY,55,32000.0
2025-08-11,139230,SELL,179,11680.0
2025-08-11,422420,BUY,306,6390.0
2025-08-14,442320,SELL,68,32140.0
2025-08-14,395270,BUY,159,12415.0
2025-08-18,395270,SELL,159,12095.0
2025-08-18,381170,BUY,71,27035.0
2025-08-20,426030,SELL,55,30925.0
2025-08-20,394660,BUY,161,11825.0
2025-08-22,381170,SELL,71,26215.0
2025-08-22,139230,BUY,165,11450.0
2025-08-25,139230,SELL,165,11675.0
2025-08-25,371160,BUY,216,8935.0
2025-08-26,446700,SELL,205,9295.0
2025-08-26,457480,BUY,118,16155.0
2025-08-27,371160,SELL,216,8830.0
2025-08-27,381170,BUY,70,27105.0
2025-08-28,465330,SELL,146,8370.0
2025-08-28,422420,SELL,306,5975.0
2025-08-28,139230,BUY,159,11800.0
2025-08-28,465580,BUY,66,19575.0
2025-08-29,305540,SELL,126,14785.0
2025-08-29,466810,SELL,399,4760.0
2025-08-29,305720,SELL,155,11920.0
2025-08-29,462010,SELL,478,4025.0
2025-08-29,371460,BUY,173,10780.0
2025-08-29,480310,BUY,158,11805.0
2025-08-29,276990,BUY,90,20560.0
2025-08-29,426030,BUY,58,31865.0
2025-09-01,457480,SELL,118,15665.0
2025-09-01,480310,SELL,158,11560.0
2025-09-01,426030,SELL,58,31475.0
2025-09-01,371160,BUY,206,8955.0
2025-09-01,411060,BUY,83,22045.0
2025-09-01,478150,BUY,101,18180.0
2025-09-02,478150,SELL,101,18245.0
2025-09-02,449450,BUY,34,54080.0
2025-09-03,276990,SELL,90,20220.0
2025-09-03,478150,BUY,101,18190.0
2025-09-04,371160,SELL,206,8595.0
2025-09-04,478150,SELL,101,18050.0
2025-09-04,457480,BUY,117,15765.0
2025-09-04,395270,BUY,152,12090.0
2025-09-05,449450,SELL,34,52460.0
2025-09-05,395270,SELL,152,12195.0
2025-09-05,371160,BUY,212,8750.0
2025-09-05,480310,BUY,153,11690.0
2025-09-08,480310,SELL,153,11675.0
2025-09-08,276990,BUY,86,20665.0
2025-09-09,457480,SELL,117,16130.0
2025-09-09,276990,SELL,86,20705.0
2025-09-09,487750,BUY,204,9205.0
2025-09-09,395270,BUY,143,12600.0
2025-09-10,394660,SELL,161,12020.0
2025-09-10,381170,SELL,70,27605.0
2025-09-10,465580,SELL,66,20475.0
2025-09-10,395160,BUY,164,11500.0
2025-09-10,388420,BUY,155,12175.0
2025-09-10,102970,BUY,99,14610.0
2025-09-11,371160,SELL,212,9105.0
2025-09-11,102970,SELL,99,14395.0
2025-09-11,461340,BUY,74,25525.0
2025-09-11,465580,BUY,71,20600.0
2025-09-12,139230,SELL,159,12390.0
2025-09-12,388420,SELL,155,12390.0
2025-09-12,465580,SELL,71,20535.0
2025-09-12,139260,BUY,52,36870.0
2025-09-12,457480,BUY,111,17335.0
2025-09-12,396500,BUY,114,13145.0
2025-09-15,411060,SELL,83,23365.0
2025-09-15,461340,SELL,74,25335.0
2025-09-15,388420,BUY,150,12975.0
2025-09-15,455850,BUY,134,14030.0
2025-09-17,466920,SELL,67,32785.0
2025-09-17,371160,BUY,204,9715.0
2025-09-18,371160,SELL,204,9600.0
2025-09-18,292150,BUY,136,14935.0
2025-09-19,292150,SELL,136,14925.0
2025-09-19,371160,BUY,209,9730.0
2025-09-22,371460,SELL,173,12270.0
2025-09-22,371160,SELL,209,9650.0
2025-09-22,461340,BUY,77,26875.0
2025-09-22,292150,BUY,137,15080.0
2025-09-24,461340,SELL,77,26850.0
2025-09-24,411060,BUY,83,25005.0
2025-09-25,292150,SELL,137,15340.0
2025-09-25,411060,SELL,83,24950.0
2025-09-25,371460,BUY,160,13005.0
2025-09-25,371160,BUY,208,9975.0
2025-09-26,139260,SELL,52,37725.0
2025-09-26,411060,BUY,80,25225.0
2025-09-29,371160,SELL,208,9825.0
2025-09-29,139260,BUY,53,38395.0
2025-10-02,371460,SELL,160,13795.0
2025-10-02,292150,BUY,136,16045.0
2025-10-13,292150,SELL,136,16390.0
2025-10-13,442320,BUY,57,39560.0
2025-10-17,457480,SELL,111,20745.0
2025-10-17,455850,SELL,134,16455.0
2025-10-17,442320,SELL,57,41420.0
2025-10-17,462010,BUY,459,5175.0
2025-10-17,466810,BUY,390,6095.0
2025-10-17,292150,BUY,127,17365.0
2025-10-20,466810,SELL,390,6160.0
2025-10-20,457480,BUY,110,21800.0
2025-10-21,411060,SELL,80,29425.0
2025-10-21,466810,BUY,379,6245.0
2025-10-22,292150,SELL,127,17870.0
2025-10-22,465330,BUY,212,10715.0
2025-10-23,457480,SELL,110,21195.0
2025-10-23,292150,BUY,132,17625.0
2025-10-24,487750,SELL,204,12630.0
2025-10-24,388420,SELL,150,16575.0
2025-10-24,292150,SELL,132,18090.0
2025-10-24,305720,BUY,152,16570.0
2025-10-24,305540,BUY,122,20655.0
2025-10-24,422420,BUY,298,8100.0
2025-10-27,305540,SELL,122,20715.0
2025-10-27,487750,BUY,195,12930.0
2025-10-28,487750,SELL,195,12740.0
2025-10-28,305540,BUY,118,21150.0
2025-10-30,305720,SELL,152,16500.0
2025-10-30,422420,SELL,298,7950.0
2025-10-30,305540,SELL,118,20480.0
2025-10-30,487750,BUY,191,13260.0
2025-10-30,292150,BUY,132,19130.0
2025-10-30,388420,BUY,132,16925.0
