date,close,source
2014-04-09,20843.0,NAVER_FDR
2014-04-10,20899.0,NAVER_FDR
2014-04-11,20733.0,NAVER_FDR
2014-04-14,20800.0,NAVER_FDR
2014-04-15,20677.0,NAVER_FDR
2014-04-16,20767.0,NAVER_FDR
2014-04-17,20733.0,NAVER_FDR
2014-04-18,20890.0,NAVER_FDR
2014-04-21,20860.0,NAVER_FDR
2014-04-22,20855.0,NAVER_FDR
2014-04-23,20830.0,NAVER_FDR
2014-04-24,20813.0,NAVER_FDR
2014-04-25,20510.0,NAVER_FDR
2014-04-28,20515.0,NAVER_FDR
2014-04-29,20430.0,NAVER_FDR
2014-04-30,20419.0,NAVER_FDR
2014-05-02,20346.0,NAVER_FDR
2014-05-07,20149.0,NAVER_FDR
2014-05-08,20241.0,NAVER_FDR
2014-05-09,20269.0,NAVER_FDR
2014-05-12,20397.0,NAVER_FDR
2014-05-13,20676.0,NAVER_FDR
2014-05-14,20937.0,NAVER_FDR
2014-05-15,20941.0,NAVER_FDR
2014-05-16,20931.0,NAVER_FDR
2014-05-19,20973.0,NAVER_FDR
2014-05-20,20946.0,NAVER_FDR
2014-05-21,20949.0,NAVER_FDR
2014-05-22,21060.0,NAVER_FDR
2014-05-23,21026.0,NAVER_FDR
2014-05-26,20990.0,NAVER_FDR
2014-05-27,20776.0,NAVER_FDR
2014-05-28,21006.0,NAVER_FDR
2014-05-29,20987.0,NAVER_FDR
2014-05-30,20811.0,NAVER_FDR
2014-06-02,20859.0,NAVER_FDR
2014-06-03,20880.0,NAVER_FDR
2014-06-05,20769.0,NAVER_FDR
2014-06-09,20765.0,NAVER_FDR
2014-06-10,20982.0,NAVER_FDR
2014-06-11,20966.0,NAVER_FDR
2014-06-12,20889.0,NAVER_FDR
2014-06-13,20635.0,NAVER_FDR
2014-06-16,20743.0,NAVER_FDR
2014-06-17,20781.0,NAVER_FDR
2014-06-18,20659.0,NAVER_FDR
2014-06-19,20712.0,NAVER_FDR
2014-06-20,20411.0,NAVER_FDR
2014-06-23,20524.0,NAVER_FDR
2014-06-24,20751.0,NAVER_FDR
2014-06-25,20635.0,NAVER_FDR
2014-06-26,20769.0,NAVER_FDR
2014-06-27,20716.0,NAVER_FDR
2014-06-30,20811.0,NAVER_FDR
2014-07-01,20756.0,NAVER_FDR
2014-07-02,20902.0,NAVER_FDR
2014-07-03,20880.0,NAVER_FDR
2014-07-04,20851.0,NAVER_FDR
2014-07-07,20735.0,NAVER_FDR
2014-07-08,20735.0,NAVER_FDR
2014-07-09,20639.0,NAVER_FDR
2014-07-10,20676.0,NAVER_FDR
2014-07-11,20510.0,NAVER_FDR
2014-07-14,20587.0,NAVER_FDR
2014-07-15,20802.0,NAVER_FDR
2014-07-16,20832.0,NAVER_FDR
2014-07-17,20898.0,NAVER_FDR
2014-07-18,20872.0,NAVER_FDR
2014-07-21,20880.0,NAVER_FDR
2014-07-22,21002.0,NAVER_FDR
2014-07-23,20997.0,NAVER_FDR
2014-07-24,21006.0,NAVER_FDR
2014-07-25,21050.0,NAVER_FDR
2014-07-28,21245.0,NAVER_FDR
2014-07-29,21450.0,NAVER_FDR
2014-07-30,21713.0,NAVER_FDR
2014-07-31,21608.0,NAVER_FDR
2014-08-01,21513.0,NAVER_FDR
2014-08-04,21509.0,NAVER_FDR
2014-08-05,21362.0,NAVER_FDR
2014-08-06,21297.0,NAVER_FDR
2014-08-07,21207.0,NAVER_FDR
2014-08-08,20941.0,NAVER_FDR
2014-08-11,21061.0,NAVER_FDR
2014-08-12,21061.0,NAVER_FDR
2014-08-13,21186.0,NAVER_FDR
2014-08-14,21245.0,NAVER_FDR
2014-08-18,21130.0,NAVER_FDR
2014-08-19,21305.0,NAVER_FDR
2014-08-20,21279.0,NAVER_FDR
2014-08-21,20946.0,NAVER_FDR
2014-08-22,21101.0,NAVER_FDR
2014-08-25,21156.0,NAVER_FDR
2014-08-26,21234.0,NAVER_FDR
2014-08-27,21238.0,NAVER_FDR
2014-08-28,21257.0,NAVER_FDR
2014-08-29,21198.0,NAVER_FDR
2014-09-01,21156.0,NAVER_FDR
2014-09-02,20973.0,NAVER_FDR
2014-09-03,20920.0,NAVER_FDR
2014-09-04,20990.0,NAVER_FDR
2014-09-05,20949.0,NAVER_FDR
2014-09-11,20855.0,NAVER_FDR
2014-09-12,20894.0,NAVER_FDR
2014-09-15,20819.0,NAVER_FDR
2014-09-16,20885.0,NAVER_FDR
2014-09-17,21076.0,NAVER_FDR
2014-09-18,20941.0,NAVER_FDR
2014-09-19,21026.0,NAVER_FDR
2014-09-22,20774.0,NAVER_FDR
2014-09-23,20705.0,NAVER_FDR
2014-09-24,20697.0,NAVER_FDR
2014-09-25,20692.0,NAVER_FDR
2014-09-26,20626.0,NAVER_FDR
2014-09-29,20596.0,NAVER_FDR
2014-09-30,20505.0,NAVER_FDR
2014-10-01,20225.0,NAVER_FDR
2014-10-02,19978.0,NAVER_FDR
2014-10-06,19947.0,NAVER_FDR
2014-10-07,19982.0,NAVER_FDR
2014-10-08,19920.0,NAVER_FDR
2014-10-10,19611.0,NAVER_FDR
2014-10-13,19566.0,NAVER_FDR
2014-10-14,19544.0,NAVER_FDR
2014-10-15,19517.0,NAVER_FDR
2014-10-16,19420.0,NAVER_FDR
2014-10-17,19192.0,NAVER_FDR
2014-10-20,19455.0,NAVER_FDR
2014-10-21,19317.0,NAVER_FDR
2014-10-22,19448.0,NAVER_FDR
2014-10-23,19487.0,NAVER_FDR
2014-10-24,19410.0,NAVER_FDR
2014-10-27,19505.0,NAVER_FDR
2014-10-28,19487.0,NAVER_FDR
2014-10-29,19850.0,NAVER_FDR
2014-10-30,19838.0,NAVER_FDR
2014-10-31,19987.0,NAVER_FDR
2014-11-03,19862.0,NAVER_FDR
2014-11-04,19724.0,NAVER_FDR
2014-11-05,19666.0,NAVER_FDR
2014-11-06,19780.0,NAVER_FDR
2014-11-07,19795.0,NAVER_FDR
2014-11-10,19982.0,NAVER_FDR
2014-11-11,19982.0,NAVER_FDR
2014-11-12,20046.0,NAVER_FDR
2014-11-13,19987.0,NAVER_FDR
2014-11-14,19815.0,NAVER_FDR
2014-11-17,19865.0,NAVER_FDR
2014-11-18,20023.0,NAVER_FDR
2014-11-19,19997.0,NAVER_FDR
2014-11-20,19917.0,NAVER_FDR
2014-11-21,19982.0,NAVER_FDR
2014-11-24,20172.0,NAVER_FDR
2014-11-25,20172.0,NAVER_FDR
2014-11-26,20128.0,NAVER_FDR
2014-11-27,20244.0,NAVER_FDR
2014-11-28,20241.0,NAVER_FDR
2014-12-01,20068.0,NAVER_FDR
2014-12-02,20059.0,NAVER_FDR
2014-12-03,20100.0,NAVER_FDR
2014-12-04,20314.0,NAVER_FDR
2014-12-05,20325.0,NAVER_FDR
2014-12-08,20293.0,NAVER_FDR
2014-12-09,20230.0,NAVER_FDR
2014-12-10,19931.0,NAVER_FDR
2014-12-11,19701.0,NAVER_FDR
2014-12-12,19724.0,NAVER_FDR
2014-12-15,19733.0,NAVER_FDR
2014-12-16,19586.0,NAVER_FDR
2014-12-17,19520.0,NAVER_FDR
2014-12-18,19505.0,NAVER_FDR
2014-12-19,19798.0,NAVER_FDR
2014-12-22,19955.0,NAVER_FDR
2014-12-23,19942.0,NAVER_FDR
2014-12-24,19997.0,NAVER_FDR
2014-12-26,20021.0,NAVER_FDR
2014-12-29,19939.0,NAVER_FDR
2014-12-30,19749.0,NAVER_FDR
2015-01-02,19795.0,NAVER_FDR
2015-01-05,19754.0,NAVER_FDR
2015-01-06,19402.0,NAVER_FDR
2015-01-07,19446.0,NAVER_FDR
2015-01-08,19693.0,NAVER_FDR
2015-01-09,19912.0,NAVER_FDR
2015-01-12,19865.0,NAVER_FDR
2015-01-13,19952.0,NAVER_FDR
2015-01-14,19865.0,NAVER_FDR
2015-01-15,19924.0,NAVER_FDR
2015-01-16,19645.0,NAVER_FDR
2015-01-19,19850.0,NAVER_FDR
2015-01-20,20023.0,NAVER_FDR
2015-01-21,20068.0,NAVER_FDR
2015-01-22,20124.0,NAVER_FDR
2015-01-23,20241.0,NAVER_FDR
2015-01-26,20241.0,NAVER_FDR
2015-01-27,20382.0,NAVER_FDR
2015-01-28,20401.0,NAVER_FDR
2015-01-29,20305.0,NAVER_FDR
2015-01-30,20297.0,NAVER_FDR
2015-02-02,20246.0,NAVER_FDR
2015-02-03,20241.0,NAVER_FDR
2015-02-04,20382.0,NAVER_FDR
2015-02-05,20172.0,NAVER_FDR
2015-02-06,20204.0,NAVER_FDR
2015-02-09,20181.0,NAVER_FDR
2015-02-10,20084.0,NAVER_FDR
2015-02-11,20112.0,NAVER_FDR
2015-02-12,20051.0,NAVER_FDR
2015-02-13,20200.0,NAVER_FDR
2015-02-16,20225.0,NAVER_FDR
2015-02-17,20269.0,NAVER_FDR
2015-02-23,20325.0,NAVER_FDR
2015-02-24,20349.0,NAVER_FDR
2015-02-25,20419.0,NAVER_FDR
2015-02-26,20411.0,NAVER_FDR
2015-02-27,20346.0,NAVER_FDR
2015-03-02,20468.0,NAVER_FDR
2015-03-03,20548.0,NAVER_FDR
2015-03-04,20529.0,NAVER_FDR
2015-03-05,20556.0,NAVER_FDR
2015-03-06,20659.0,NAVER_FDR
2015-03-09,20447.0,NAVER_FDR
2015-03-10,20359.0,NAVER_FDR
2015-03-11,20372.0,NAVER_FDR
2015-03-12,20372.0,NAVER_FDR
2015-03-13,20415.0,NAVER_FDR
2015-03-16,20430.0,NAVER_FDR
2015-03-17,20894.0,NAVER_FDR
2015-03-18,20894.0,NAVER_FDR
2015-03-19,20953.0,NAVER_FDR
2015-03-20,20889.0,NAVER_FDR
2015-03-23,20898.0,NAVER_FDR
2015-03-24,20941.0,NAVER_FDR
2015-03-25,20941.0,NAVER_FDR
2015-03-26,20746.0,NAVER_FDR
2015-03-27,20700.0,NAVER_FDR
2015-03-30,20743.0,NAVER_FDR
2015-03-31,20751.0,NAVER_FDR
2015-04-01,20596.0,NAVER_FDR
2015-04-02,20615.0,NAVER_FDR
2015-04-03,20769.0,NAVER_FDR
2015-04-06,20761.0,NAVER_FDR
2015-04-07,20716.0,NAVER_FDR
2015-04-08,20868.0,NAVER_FDR
2015-04-09,20851.0,NAVER_FDR
2015-04-10,21088.0,NAVER_FDR
2015-04-13,21250.0,NAVER_FDR
2015-04-14,21351.0,NAVER_FDR
2015-04-15,21463.0,NAVER_FDR
2015-04-16,21620.0,NAVER_FDR
2015-04-17,21634.0,NAVER_FDR
2015-04-20,21623.0,NAVER_FDR
2015-04-21,21604.0,NAVER_FDR
2015-04-22,21704.0,NAVER_FDR
2015-04-23,22011.0,NAVER_FDR
2015-04-24,21875.0,NAVER_FDR
2015-04-27,21813.0,NAVER_FDR
2015-04-28,21737.0,NAVER_FDR
2015-04-29,21687.0,NAVER_FDR
2015-04-30,21590.0,NAVER_FDR
2015-05-04,21659.0,NAVER_FDR
2015-05-06,21308.0,NAVER_FDR
2015-05-07,21209.0,NAVER_FDR
2015-05-08,21124.0,NAVER_FDR
2015-05-11,21158.0,NAVER_FDR
2015-05-12,21146.0,NAVER_FDR
2015-05-13,21277.0,NAVER_FDR
2015-05-14,21304.0,NAVER_FDR
2015-05-15,21093.0,NAVER_FDR
2015-05-18,21143.0,NAVER_FDR
2015-05-19,21239.0,NAVER_FDR
2015-05-20,21434.0,NAVER_FDR
2015-05-21,21193.0,NAVER_FDR
2015-05-22,21468.0,NAVER_FDR
2015-05-26,21426.0,NAVER_FDR
2015-05-27,20997.0,NAVER_FDR
2015-05-28,20993.0,NAVER_FDR
2015-05-29,21101.0,NAVER_FDR
2015-06-01,20914.0,NAVER_FDR
2015-06-02,20712.0,NAVER_FDR
2015-06-03,20521.0,NAVER_FDR
2015-06-04,20603.0,NAVER_FDR
2015-06-05,20578.0,NAVER_FDR
2015-06-08,20535.0,NAVER_FDR
2015-06-09,20503.0,NAVER_FDR
2015-06-10,20382.0,NAVER_FDR
2015-06-11,20457.0,NAVER_FDR
2015-06-12,20285.0,NAVER_FDR
2015-06-15,20214.0,NAVER_FDR
2015-06-16,20046.0,NAVER_FDR
2015-06-17,20064.0,NAVER_FDR
2015-06-18,20125.0,NAVER_FDR
2015-06-19,20228.0,NAVER_FDR
2015-06-22,20296.0,NAVER_FDR
2015-06-23,20568.0,NAVER_FDR
2015-06-24,20561.0,NAVER_FDR
2015-06-25,20545.0,NAVER_FDR
2015-06-26,20559.0,NAVER_FDR
2015-06-29,20293.0,NAVER_FDR
2015-06-30,20377.0,NAVER_FDR
2015-07-01,20611.0,NAVER_FDR
2015-07-02,20634.0,NAVER_FDR
2015-07-03,20573.0,NAVER_FDR
2015-07-06,20059.0,NAVER_FDR
2015-07-07,20101.0,NAVER_FDR
2015-07-08,19825.0,NAVER_FDR
2015-07-09,19958.0,NAVER_FDR
2015-07-10,19975.0,NAVER_FDR
2015-07-13,20189.0,NAVER_FDR
2015-07-14,20093.0,NAVER_FDR
2015-07-15,20155.0,NAVER_FDR
2015-07-16,20304.0,NAVER_FDR
2015-07-17,20182.0,NAVER_FDR
2015-07-20,20151.0,NAVER_FDR
2015-07-21,20189.0,NAVER_FDR
2015-07-22,20016.0,NAVER_FDR
2015-07-23,20008.0,NAVER_FDR
2015-07-24,19781.0,NAVER_FDR
2015-07-27,19817.0,NAVER_FDR
2015-07-28,19855.0,NAVER_FDR
2015-07-29,19933.0,NAVER_FDR
2015-07-30,19753.0,NAVER_FDR
2015-07-31,19693.0,NAVER_FDR
2015-08-03,19588.0,NAVER_FDR
2015-08-04,19671.0,NAVER_FDR
2015-08-05,19685.0,NAVER_FDR
2015-08-06,19465.0,NAVER_FDR
2015-08-07,19431.0,NAVER_FDR
2015-08-10,19378.0,NAVER_FDR
2015-08-11,19292.0,NAVER_FDR
2015-08-12,19173.0,NAVER_FDR
2015-08-13,19257.0,NAVER_FDR
2015-08-17,19104.0,NAVER_FDR
2015-08-18,19070.0,NAVER_FDR
2015-08-19,18927.0,NAVER_FDR
2015-08-20,18733.0,NAVER_FDR
2015-08-21,18438.0,NAVER_FDR
2015-08-24,18010.0,NAVER_FDR
2015-08-25,18072.0,NAVER_FDR
2015-08-26,18409.0,NAVER_FDR
2015-08-27,18522.0,NAVER_FDR
2015-08-28,18790.0,NAVER_FDR
2015-08-31,18765.0,NAVER_FDR
2015-09-01,18578.0,NAVER_FDR
2015-09-02,18621.0,NAVER_FDR
2015-09-03,18653.0,NAVER_FDR
2015-09-04,18496.0,NAVER_FDR
2015-09-07,18452.0,NAVER_FDR
2015-09-08,18488.0,NAVER_FDR
2015-09-09,19042.0,NAVER_FDR
2015-09-10,19009.0,NAVER_FDR
2015-09-11,18961.0,NAVER_FDR
2015-09-14,18859.0,NAVER_FDR
2015-09-15,18901.0,NAVER_FDR
2015-09-16,19316.0,NAVER_FDR
2015-09-17,19397.0,NAVER_FDR
2015-09-18,19538.0,NAVER_FDR
2015-09-21,19193.0,NAVER_FDR
2015-09-22,19300.0,NAVER_FDR
2015-09-23,19042.0,NAVER_FDR
2015-09-24,19047.0,NAVER_FDR
2015-09-25,19018.0,NAVER_FDR
2015-09-30,19153.0,NAVER_FDR
2015-10-01,19366.0,NAVER_FDR
2015-10-02,19237.0,NAVER_FDR
2015-10-05,19257.0,NAVER_FDR
2015-10-06,19444.0,NAVER_FDR
2015-10-07,19739.0,NAVER_FDR
2015-10-08,19878.0,NAVER_FDR
2015-10-12,19996.0,NAVER_FDR
2015-10-13,19946.0,NAVER_FDR
2015-10-14,19875.0,NAVER_FDR
2015-10-15,20096.0,NAVER_FDR
2015-10-16,20059.0,NAVER_FDR
2015-10-19,20068.0,NAVER_FDR
2015-10-20,20112.0,NAVER_FDR
2015-10-21,20193.0,NAVER_FDR
2015-10-22,20085.0,NAVER_FDR
2015-10-23,20239.0,NAVER_FDR
2015-10-26,20290.0,NAVER_FDR
2015-10-27,20280.0,NAVER_FDR
2015-10-28,20267.0,NAVER_FDR
2015-10-29,20224.0,NAVER_FDR
2015-10-30,20317.0,NAVER_FDR
2015-11-02,20267.0,NAVER_FDR
2015-11-03,20457.0,NAVER_FDR
2015-11-04,20452.0,NAVER_FDR
2015-11-05,20424.0,NAVER_FDR
2015-11-06,20293.0,NAVER_FDR
2015-11-09,20214.0,NAVER_FDR
2015-11-10,19918.0,NAVER_FDR
2015-11-11,19889.0,NAVER_FDR
2015-11-12,19922.0,NAVER_FDR
2015-11-13,19645.0,NAVER_FDR
2015-11-16,19431.0,NAVER_FDR
2015-11-17,19596.0,NAVER_FDR
2015-11-18,19542.0,NAVER_FDR
2015-11-19,19806.0,NAVER_FDR
2015-11-20,19840.0,NAVER_FDR
2015-11-23,19967.0,NAVER_FDR
2015-11-24,20055.0,NAVER_FDR
2015-11-25,20038.0,NAVER_FDR
2015-11-26,20275.0,NAVER_FDR
2015-11-27,20228.0,NAVER_FDR
2015-11-30,19844.0,NAVER_FDR
2015-12-01,20133.0,NAVER_FDR
2015-12-02,20004.0,NAVER_FDR
2015-12-03,19825.0,NAVER_FDR
2015-12-04,19614.0,NAVER_FDR
2015-12-07,19547.0,NAVER_FDR
2015-12-08,19453.0,NAVER_FDR
2015-12-09,19449.0,NAVER_FDR
2015-12-10,19569.0,NAVER_FDR
2015-12-11,19526.0,NAVER_FDR
2015-12-14,19361.0,NAVER_FDR
2015-12-15,19397.0,NAVER_FDR
2015-12-16,19786.0,NAVER_FDR
2015-12-17,19760.0,NAVER_FDR
2015-12-18,19724.0,NAVER_FDR
2015-12-21,19813.0,NAVER_FDR
2015-12-22,19844.0,NAVER_FDR
2015-12-23,20042.0,NAVER_FDR
2015-12-24,19915.0,NAVER_FDR
2015-12-28,19645.0,NAVER_FDR
2015-12-29,19825.0,NAVER_FDR
2015-12-30,19724.0,NAVER_FDR
2016-01-04,19323.0,NAVER_FDR
2016-01-05,19446.0,NAVER_FDR
2016-01-06,19305.0,NAVER_FDR
2016-01-07,19121.0,NAVER_FDR
2016-01-08,19254.0,NAVER_FDR
2016-01-11,19038.0,NAVER_FDR
2016-01-12,18982.0,NAVER_FDR
2016-01-13,19249.0,NAVER_FDR
2016-01-14,19066.0,NAVER_FDR
2016-01-15,18873.0,NAVER_FDR
2016-01-18,18855.0,NAVER_FDR
2016-01-19,18954.0,NAVER_FDR
2016-01-20,18522.0,NAVER_FDR
2016-01-21,18475.0,NAVER_FDR
2016-01-22,18879.0,NAVER_FDR
2016-01-25,18978.0,NAVER_FDR
2016-01-26,18740.0,NAVER_FDR
2016-01-27,19001.0,NAVER_FDR
2016-01-28,19031.0,NAVER_FDR
2016-01-29,19057.0,NAVER_FDR
2016-02-01,19196.0,NAVER_FDR
2016-02-02,19062.0,NAVER_FDR
2016-02-03,18847.0,NAVER_FDR
2016-02-04,19193.0,NAVER_FDR
2016-02-05,19242.0,NAVER_FDR
2016-02-11,18724.0,NAVER_FDR
2016-02-12,18585.0,NAVER_FDR
2016-02-15,18831.0,NAVER_FDR
2016-02-16,19104.0,NAVER_FDR
2016-02-17,19128.0,NAVER_FDR
2016-02-18,19292.0,NAVER_FDR
2016-02-19,19331.0,NAVER_FDR
2016-02-22,19366.0,NAVER_FDR
2016-02-23,19370.0,NAVER_FDR
2016-02-24,19351.0,NAVER_FDR
2016-02-25,19374.0,NAVER_FDR
2016-02-26,19411.0,NAVER_FDR
2016-02-29,19389.0,NAVER_FDR
2016-03-02,19685.0,NAVER_FDR
2016-03-03,19745.0,NAVER_FDR
2016-03-04,19750.0,NAVER_FDR
2016-03-07,19791.0,NAVER_FDR
2016-03-08,19649.0,NAVER_FDR
2016-03-09,19739.0,NAVER_FDR
2016-03-10,19918.0,NAVER_FDR
2016-03-11,19963.0,NAVER_FDR
2016-03-14,19946.0,NAVER_FDR
2016-03-15,19930.0,NAVER_FDR
2016-03-16,19982.0,NAVER_FDR
2016-03-17,20093.0,NAVER_FDR
2016-03-18,20105.0,NAVER_FDR
2016-03-21,20081.0,NAVER_FDR
2016-03-22,20182.0,NAVER_FDR
2016-03-23,20164.0,NAVER_FDR
2016-03-24,20112.0,NAVER_FDR
2016-03-25,20077.0,NAVER_FDR
2016-03-28,20109.0,NAVER_FDR
2016-03-29,20214.0,NAVER_FDR
2016-03-30,20304.0,NAVER_FDR
2016-03-31,20219.0,NAVER_FDR
2016-04-01,19930.0,NAVER_FDR
2016-04-04,19967.0,NAVER_FDR
2016-04-05,19802.0,NAVER_FDR
2016-04-06,19902.0,NAVER_FDR
2016-04-07,19915.0,NAVER_FDR
2016-04-08,19875.0,NAVER_FDR
2016-04-11,19889.0,NAVER_FDR
2016-04-12,20046.0,NAVER_FDR
2016-04-14,20457.0,NAVER_FDR
2016-04-15,20440.0,NAVER_FDR
2016-04-18,20372.0,NAVER_FDR
2016-04-19,20401.0,NAVER_FDR
2016-04-20,20333.0,NAVER_FDR
2016-04-21,20490.0,NAVER_FDR
2016-04-22,20412.0,NAVER_FDR
2016-04-25,20389.0,NAVER_FDR
2016-04-26,20448.0,NAVER_FDR
2016-04-27,20448.0,NAVER_FDR
2016-04-28,20239.0,NAVER_FDR
2016-04-29,20173.0,NAVER_FDR
2016-05-02,20021.0,NAVER_FDR
2016-05-03,20083.0,NAVER_FDR
2016-05-04,19977.0,NAVER_FDR
2016-05-09,19945.0,NAVER_FDR
2016-05-10,20024.0,NAVER_FDR
2016-05-11,20004.0,NAVER_FDR
2016-05-12,19957.0,NAVER_FDR
2016-05-13,19803.0,NAVER_FDR
2016-05-16,19831.0,NAVER_FDR
2016-05-17,19845.0,NAVER_FDR
2016-05-18,19733.0,NAVER_FDR
2016-05-19,19678.0,NAVER_FDR
2016-05-20,19678.0,NAVER_FDR
2016-05-23,19733.0,NAVER_FDR
2016-05-24,19593.0,NAVER_FDR
2016-05-25,19868.0,NAVER_FDR
2016-05-26,19831.0,NAVER_FDR
2016-05-27,19932.0,NAVER_FDR
2016-05-30,19887.0,NAVER_FDR
2016-05-31,20047.0,NAVER_FDR
2016-06-01,20060.0,NAVER_FDR
2016-06-02,20098.0,NAVER_FDR
2016-06-03,20131.0,NAVER_FDR
2016-06-07,20400.0,NAVER_FDR
2016-06-08,20610.0,NAVER_FDR
2016-06-09,20601.0,NAVER_FDR
2016-06-10,20513.0,NAVER_FDR
2016-06-13,20091.0,NAVER_FDR
2016-06-14,20024.0,NAVER_FDR
2016-06-15,20016.0,NAVER_FDR
2016-06-16,19864.0,NAVER_FDR
2016-06-17,19896.0,NAVER_FDR
2016-06-20,20173.0,NAVER_FDR
2016-06-21,20173.0,NAVER_FDR
2016-06-22,20290.0,NAVER_FDR
2016-06-23,20301.0,NAVER_FDR
2016-06-24,19646.0,NAVER_FDR
2016-06-27,19703.0,NAVER_FDR
2016-06-28,19753.0,NAVER_FDR
2016-06-29,19986.0,NAVER_FDR
2016-06-30,20131.0,NAVER_FDR
2016-07-01,20298.0,NAVER_FDR
2016-07-04,20366.0,NAVER_FDR
2016-07-05,20344.0,NAVER_FDR
2016-07-06,19932.0,NAVER_FDR
2016-07-07,20161.0,NAVER_FDR
2016-07-08,20056.0,NAVER_FDR
2016-07-11,20354.0,NAVER_FDR
2016-07-12,20354.0,NAVER_FDR
2016-07-13,20491.0,NAVER_FDR
2016-07-14,20528.0,NAVER_FDR
2016-07-15,20633.0,NAVER_FDR
2016-07-18,20666.0,NAVER_FDR
2016-07-19,20641.0,NAVER_FDR
2016-07-20,20605.0,NAVER_FDR
2016-07-21,20624.0,NAVER_FDR
2016-07-22,20613.0,NAVER_FDR
2016-07-25,20624.0,NAVER_FDR
2016-07-26,20805.0,NAVER_FDR
2016-07-27,20793.0,NAVER_FDR
2016-07-28,20744.0,NAVER_FDR
2016-07-29,20728.0,NAVER_FDR
2016-08-01,20900.0,NAVER_FDR
2016-08-02,20736.0,NAVER_FDR
2016-08-03,20473.0,NAVER_FDR
2016-08-04,20518.0,NAVER_FDR
2016-08-05,20740.0,NAVER_FDR
2016-08-08,20900.0,NAVER_FDR
2016-08-09,21059.0,NAVER_FDR
2016-08-10,20991.0,NAVER_FDR
2016-08-11,21015.0,NAVER_FDR
2016-08-12,21088.0,NAVER_FDR
2016-08-16,21075.0,NAVER_FDR
2016-08-17,21059.0,NAVER_FDR
2016-08-18,21211.0,NAVER_FDR
2016-08-19,21262.0,NAVER_FDR
2016-08-22,21139.0,NAVER_FDR
2016-08-23,21251.0,NAVER_FDR
2016-08-24,21150.0,NAVER_FDR
2016-08-25,21189.0,NAVER_FDR
2016-08-26,21106.0,NAVER_FDR
2016-08-29,21111.0,NAVER_FDR
2016-08-30,21197.0,NAVER_FDR
2016-08-31,21120.0,NAVER_FDR
2016-09-01,21061.0,NAVER_FDR
2016-09-02,21106.0,NAVER_FDR
2016-09-05,21374.0,NAVER_FDR
2016-09-06,21453.0,NAVER_FDR
2016-09-07,21412.0,NAVER_FDR
2016-09-08,21408.0,NAVER_FDR
2016-09-09,21154.0,NAVER_FDR
2016-09-12,20624.0,NAVER_FDR
2016-09-13,20697.0,NAVER_FDR
2016-09-19,20914.0,NAVER_FDR
2016-09-20,20945.0,NAVER_FDR
2016-09-21,21084.0,NAVER_FDR
2016-09-22,21270.0,NAVER_FDR
2016-09-23,21255.0,NAVER_FDR
2016-09-26,21184.0,NAVER_FDR
2016-09-27,21327.0,NAVER_FDR
2016-09-28,21267.0,NAVER_FDR
2016-09-29,21416.0,NAVER_FDR
2016-09-30,21184.0,NAVER_FDR
2016-10-04,21307.0,NAVER_FDR
2016-10-05,21295.0,NAVER_FDR
2016-10-06,21444.0,NAVER_FDR
2016-10-07,21377.0,NAVER_FDR
2016-10-10,21412.0,NAVER_FDR
2016-10-11,21116.0,NAVER_FDR
2016-10-12,21096.0,NAVER_FDR
2016-10-13,20914.0,NAVER_FDR
2016-10-14,21020.0,NAVER_FDR
2016-10-17,21053.0,NAVER_FDR
2016-10-18,21197.0,NAVER_FDR
2016-10-19,21219.0,NAVER_FDR
2016-10-20,21241.0,NAVER_FDR
2016-10-21,21139.0,NAVER_FDR
2016-10-24,21300.0,NAVER_FDR
2016-10-25,21267.0,NAVER_FDR
2016-10-26,21007.0,NAVER_FDR
2016-10-27,21101.0,NAVER_FDR
2016-10-28,21116.0,NAVER_FDR
2016-10-31,21070.0,NAVER_FDR
2016-11-01,21080.0,NAVER_FDR
2016-11-02,20805.0,NAVER_FDR
2016-11-03,20877.0,NAVER_FDR
2016-11-04,20802.0,NAVER_FDR
2016-11-07,21003.0,NAVER_FDR
2016-11-08,21048.0,NAVER_FDR
2016-11-09,20617.0,NAVER_FDR
2016-11-10,21025.0,NAVER_FDR
2016-11-11,20814.0,NAVER_FDR
2016-11-14,20648.0,NAVER_FDR
2016-11-15,20576.0,NAVER_FDR
2016-11-16,20648.0,NAVER_FDR
2016-11-17,20637.0,NAVER_FDR
2016-11-18,20629.0,NAVER_FDR
2016-11-21,20588.0,NAVER_FDR
2016-11-22,20823.0,NAVER_FDR
2016-11-23,20900.0,NAVER_FDR
2016-11-24,20793.0,NAVER_FDR
2016-11-25,20802.0,NAVER_FDR
2016-11-28,20865.0,NAVER_FDR
2016-11-29,20873.0,NAVER_FDR
2016-11-30,20974.0,NAVER_FDR
2016-12-01,20991.0,NAVER_FDR
2016-12-02,20843.0,NAVER_FDR
2016-12-05,20819.0,NAVER_FDR
2016-12-06,21065.0,NAVER_FDR
2016-12-07,21128.0,NAVER_FDR
2016-12-08,21486.0,NAVER_FDR
2016-12-09,21500.0,NAVER_FDR
2016-12-12,21471.0,NAVER_FDR
2016-12-13,21513.0,NAVER_FDR
2016-12-14,21532.0,NAVER_FDR
2016-12-15,21524.0,NAVER_FDR
2016-12-16,21578.0,NAVER_FDR
2016-12-19,21595.0,NAVER_FDR
2016-12-20,21643.0,NAVER_FDR
2016-12-21,21616.0,NAVER_FDR
2016-12-22,21603.0,NAVER_FDR
2016-12-23,21575.0,NAVER_FDR
2016-12-26,21616.0,NAVER_FDR
2016-12-27,21648.0,NAVER_FDR
2016-12-28,21719.0,NAVER_FDR
2016-12-29,21731.0,NAVER_FDR
2017-01-02,21804.0,NAVER_FDR
2017-01-03,21976.0,NAVER_FDR
2017-01-04,22001.0,NAVER_FDR
2017-01-05,21914.0,NAVER_FDR
2017-01-06,22008.0,NAVER_FDR
2017-01-09,22065.0,NAVER_FDR
2017-01-10,22033.0,NAVER_FDR
2017-01-11,22430.0,NAVER_FDR
2017-01-12,22486.0,NAVER_FDR
2017-01-13,22430.0,NAVER_FDR
2017-01-16,22310.0,NAVER_FDR
2017-01-17,22395.0,NAVER_FDR
2017-01-18,22381.0,NAVER_FDR
2017-01-19,22395.0,NAVER_FDR
2017-01-20,22364.0,NAVER_FDR
2017-01-23,22341.0,NAVER_FDR
2017-01-24,22346.0,NAVER_FDR
2017-01-25,22427.0,NAVER_FDR
2017-01-26,22610.0,NAVER_FDR
2017-01-31,22481.0,NAVER_FDR
2017-02-01,22552.0,NAVER_FDR
2017-02-02,22465.0,NAVER_FDR
2017-02-03,22478.0,NAVER_FDR
2017-02-06,22537.0,NAVER_FDR
2017-02-07,22515.0,NAVER_FDR
2017-02-08,22406.0,NAVER_FDR
2017-02-09,22438.0,NAVER_FDR
2017-02-10,22478.0,NAVER_FDR
2017-02-13,22490.0,NAVER_FDR
2017-02-14,22430.0,NAVER_FDR
2017-02-15,22500.0,NAVER_FDR
2017-02-16,22486.0,NAVER_FDR
2017-02-17,22486.0,NAVER_FDR
2017-02-20,22563.0,NAVER_FDR
2017-02-21,22772.0,NAVER_FDR
2017-02-22,22814.0,NAVER_FDR
2017-02-23,22822.0,NAVER_FDR
2017-02-24,22652.0,NAVER_FDR
2017-02-27,22547.0,NAVER_FDR
2017-02-28,22590.0,NAVER_FDR
2017-03-02,22799.0,NAVER_FDR
2017-03-03,22582.0,NAVER_FDR
2017-03-06,22606.0,NAVER_FDR
2017-03-07,22739.0,NAVER_FDR
2017-03-08,22785.0,NAVER_FDR
2017-03-09,22737.0,NAVER_FDR
2017-03-10,22754.0,NAVER_FDR
2017-03-13,23008.0,NAVER_FDR
2017-03-14,23221.0,NAVER_FDR
2017-03-15,23252.0,NAVER_FDR
2017-03-16,23417.0,NAVER_FDR
2017-03-17,23521.0,NAVER_FDR
2017-03-20,23492.0,NAVER_FDR
2017-03-21,23718.0,NAVER_FDR
2017-03-22,23641.0,NAVER_FDR
2017-03-23,23679.0,NAVER_FDR
2017-03-24,23641.0,NAVER_FDR
2017-03-27,23492.0,NAVER_FDR
2017-03-28,23547.0,NAVER_FDR
2017-03-29,23628.0,NAVER_FDR
2017-03-30,23607.0,NAVER_FDR
2017-03-31,23561.0,NAVER_FDR
2017-04-03,23619.0,NAVER_FDR
2017-04-04,23569.0,NAVER_FDR
2017-04-05,23525.0,NAVER_FDR
2017-04-06,23432.0,NAVER_FDR
2017-04-07,23392.0,NAVER_FDR
2017-04-10,23259.0,NAVER_FDR
2017-04-11,23163.0,NAVER_FDR
2017-04-12,23176.0,NAVER_FDR
2017-04-13,23392.0,NAVER_FDR
2017-04-14,23292.0,NAVER_FDR
2017-04-17,23342.0,NAVER_FDR
2017-04-18,23328.0,NAVER_FDR
2017-04-19,23225.0,NAVER_FDR
2017-04-20,23324.0,NAVER_FDR
2017-04-21,23516.0,NAVER_FDR
2017-04-24,23641.0,NAVER_FDR
2017-04-25,23881.0,NAVER_FDR
2017-04-26,24026.0,NAVER_FDR
2017-04-27,24071.0,NAVER_FDR
2017-04-28,24122.0,NAVER_FDR
2017-05-02,24310.0,NAVER_FDR
2017-05-04,24550.0,NAVER_FDR
2017-05-08,25197.0,NAVER_FDR
2017-05-10,24922.0,NAVER_FDR
2017-05-11,25237.0,NAVER_FDR
2017-05-12,25123.0,NAVER_FDR
2017-05-15,25184.0,NAVER_FDR
2017-05-16,25219.0,NAVER_FDR
2017-05-17,25206.0,NAVER_FDR
2017-05-18,25154.0,NAVER_FDR
2017-05-19,25104.0,NAVER_FDR
2017-05-22,25307.0,NAVER_FDR
2017-05-23,25379.0,NAVER_FDR
2017-05-24,25405.0,NAVER_FDR
2017-05-25,25706.0,NAVER_FDR
2017-05-26,25861.0,NAVER_FDR
2017-05-29,25838.0,NAVER_FDR
2017-05-30,25663.0,NAVER_FDR
2017-05-31,25667.0,NAVER_FDR
2017-06-01,25595.0,NAVER_FDR
2017-06-02,25909.0,NAVER_FDR
2017-06-05,25869.0,NAVER_FDR
2017-06-07,25717.0,NAVER_FDR
2017-06-08,25845.0,NAVER_FDR
2017-06-09,26040.0,NAVER_FDR
2017-06-12,25787.0,NAVER_FDR
2017-06-13,25929.0,NAVER_FDR
2017-06-14,25924.0,NAVER_FDR
2017-06-15,25821.0,NAVER_FDR
2017-06-16,25830.0,NAVER_FDR
2017-06-19,25970.0,NAVER_FDR
2017-06-20,26050.0,NAVER_FDR
2017-06-21,25883.0,NAVER_FDR
2017-06-22,26059.0,NAVER_FDR
2017-06-23,26119.0,NAVER_FDR
2017-06-26,26263.0,NAVER_FDR
2017-06-27,26270.0,NAVER_FDR
2017-06-28,26187.0,NAVER_FDR
2017-06-29,26368.0,NAVER_FDR
2017-06-30,26288.0,NAVER_FDR
2017-07-03,26346.0,NAVER_FDR
2017-07-04,26183.0,NAVER_FDR
2017-07-05,26284.0,NAVER_FDR
2017-07-06,26288.0,NAVER_FDR
2017-07-07,26183.0,NAVER_FDR
2017-07-10,26270.0,NAVER_FDR
2017-07-11,26417.0,NAVER_FDR
2017-07-12,26412.0,NAVER_FDR
2017-07-13,26697.0,NAVER_FDR
2017-07-14,26737.0,NAVER_FDR
2017-07-17,26850.0,NAVER_FDR
2017-07-18,26843.0,NAVER_FDR
2017-07-19,26874.0,NAVER_FDR
2017-07-20,27013.0,NAVER_FDR
2017-07-21,27129.0,NAVER_FDR
2017-07-24,27120.0,NAVER_FDR
2017-07-25,26981.0,NAVER_FDR
2017-07-26,26921.0,NAVER_FDR
2017-07-27,27008.0,NAVER_FDR
2017-07-28,26482.0,NAVER_FDR
2017-07-31,26482.0,NAVER_FDR
2017-08-01,26720.0,NAVER_FDR
2017-08-02,26789.0,NAVER_FDR
2017-08-03,26318.0,NAVER_FDR
2017-08-04,26454.0,NAVER_FDR
2017-08-07,26470.0,NAVER_FDR
2017-08-08,26428.0,NAVER_FDR
2017-08-09,26097.0,NAVER_FDR
2017-08-10,25974.0,NAVER_FDR
2017-08-11,25497.0,NAVER_FDR
2017-08-14,25727.0,NAVER_FDR
2017-08-16,25879.0,NAVER_FDR
2017-08-17,26028.0,NAVER_FDR
2017-08-18,26006.0,NAVER_FDR
2017-08-21,25974.0,NAVER_FDR
2017-08-22,26063.0,NAVER_FDR
2017-08-23,26082.0,NAVER_FDR
2017-08-24,26200.0,NAVER_FDR
2017-08-25,26216.0,NAVER_FDR
2017-08-28,26068.0,NAVER_FDR
2017-08-29,26001.0,NAVER_FDR
2017-08-30,26097.0,NAVER_FDR
2017-08-31,25934.0,NAVER_FDR
2017-09-01,25934.0,NAVER_FDR
2017-09-04,25645.0,NAVER_FDR
2017-09-05,25621.0,NAVER_FDR
2017-09-06,25566.0,NAVER_FDR
2017-09-07,25884.0,NAVER_FDR
2017-09-08,25901.0,NAVER_FDR
2017-09-11,26137.0,NAVER_FDR
2017-09-12,26156.0,NAVER_FDR
2017-09-13,26170.0,NAVER_FDR
2017-09-14,26272.0,NAVER_FDR
2017-09-15,26420.0,NAVER_FDR
2017-09-18,26846.0,NAVER_FDR
2017-09-19,26833.0,NAVER_FDR
2017-09-20,26815.0,NAVER_FDR
2017-09-21,26837.0,NAVER_FDR
2017-09-22,26664.0,NAVER_FDR
2017-09-25,26636.0,NAVER_FDR
2017-09-26,26504.0,NAVER_FDR
2017-09-27,26449.0,NAVER_FDR
2017-09-28,26479.0,NAVER_FDR
2017-09-29,26683.0,NAVER_FDR
2017-10-10,27172.0,NAVER_FDR
2017-10-11,27453.0,NAVER_FDR
2017-10-12,27634.0,NAVER_FDR
2017-10-13,27598.0,NAVER_FDR
2017-10-16,27625.0,NAVER_FDR
2017-10-17,27684.0,NAVER_FDR
2017-10-18,27666.0,NAVER_FDR
2017-10-19,27557.0,NAVER_FDR
2017-10-20,27705.0,NAVER_FDR
2017-10-23,27789.0,NAVER_FDR
2017-10-24,27738.0,NAVER_FDR
2017-10-25,27760.0,NAVER_FDR
2017-10-26,27571.0,NAVER_FDR
2017-10-27,27760.0,NAVER_FDR
2017-10-30,27841.0,NAVER_FDR
2017-10-31,28121.0,NAVER_FDR
2017-11-01,28585.0,NAVER_FDR
2017-11-02,28484.0,NAVER_FDR
2017-11-03,28546.0,NAVER_FDR
2017-11-06,28434.0,NAVER_FDR
2017-11-07,28404.0,NAVER_FDR
2017-11-08,28488.0,NAVER_FDR
2017-11-09,28408.0,NAVER_FDR
2017-11-10,28334.0,NAVER_FDR
2017-11-13,28182.0,NAVER_FDR
2017-11-14,28162.0,NAVER_FDR
2017-11-15,27992.0,NAVER_FDR
2017-11-16,28169.0,NAVER_FDR
2017-11-17,28162.0,NAVER_FDR
2017-11-20,28043.0,NAVER_FDR
2017-11-21,28105.0,NAVER_FDR
2017-11-22,28277.0,NAVER_FDR
2017-11-23,28224.0,NAVER_FDR
2017-11-24,28285.0,NAVER_FDR
2017-11-27,27804.0,NAVER_FDR
2017-11-28,27881.0,NAVER_FDR
2017-11-29,27866.0,NAVER_FDR
2017-11-30,27414.0,NAVER_FDR
2017-12-01,27404.0,NAVER_FDR
2017-12-04,27696.0,NAVER_FDR
2017-12-05,27773.0,NAVER_FDR
2017-12-06,27372.0,NAVER_FDR
2017-12-07,27289.0,NAVER_FDR
2017-12-08,27368.0,NAVER_FDR
2017-12-11,27404.0,NAVER_FDR
2017-12-12,27314.0,NAVER_FDR
2017-12-13,27527.0,NAVER_FDR
2017-12-14,27557.0,NAVER_FDR
2017-12-15,27508.0,NAVER_FDR
2017-12-18,27542.0,NAVER_FDR
2017-12-19,27552.0,NAVER_FDR
2017-12-20,27477.0,NAVER_FDR
2017-12-21,26940.0,NAVER_FDR
2017-12-22,27072.0,NAVER_FDR
2017-12-26,26959.0,NAVER_FDR
2017-12-27,27279.0,NAVER_FDR
2017-12-28,27620.0,NAVER_FDR
2018-01-02,27743.0,NAVER_FDR
2018-01-03,27857.0,NAVER_FDR
2018-01-04,27641.0,NAVER_FDR
2018-01-05,28017.0,NAVER_FDR
2018-01-08,28203.0,NAVER_FDR
2018-01-09,28093.0,NAVER_FDR
2018-01-10,27908.0,NAVER_FDR
2018-01-11,27768.0,NAVER_FDR
2018-01-12,27818.0,NAVER_FDR
2018-01-15,27881.0,NAVER_FDR
2018-01-16,28100.0,NAVER_FDR
2018-01-17,28034.0,NAVER_FDR
2018-01-18,28057.0,NAVER_FDR
2018-01-19,28077.0,NAVER_FDR
2018-01-22,27789.0,NAVER_FDR
2018-01-23,28162.0,NAVER_FDR
2018-01-24,28208.0,NAVER_FDR
2018-01-25,28429.0,NAVER_FDR
2018-01-26,28541.0,NAVER_FDR
2018-01-29,28736.0,NAVER_FDR
2018-01-30,28380.0,NAVER_FDR
2018-01-31,28399.0,NAVER_FDR
2018-02-01,28408.0,NAVER_FDR
2018-02-02,27857.0,NAVER_FDR
2018-02-05,27567.0,NAVER_FDR
2018-02-06,27175.0,NAVER_FDR
2018-02-07,26486.0,NAVER_FDR
2018-02-08,26709.0,NAVER_FDR
2018-02-09,26004.0,NAVER_FDR
2018-02-12,26293.0,NAVER_FDR
2018-02-13,26495.0,NAVER_FDR
2018-02-14,26841.0,NAVER_FDR
2018-02-19,26975.0,NAVER_FDR
2018-02-20,26667.0,NAVER_FDR
2018-02-21,26805.0,NAVER_FDR
2018-02-22,26628.0,NAVER_FDR
2018-02-23,27047.0,NAVER_FDR
2018-02-26,27093.0,NAVER_FDR
2018-02-27,27007.0,NAVER_FDR
2018-02-28,26699.0,NAVER_FDR
2018-03-02,26327.0,NAVER_FDR
2018-03-05,25981.0,NAVER_FDR
2018-03-06,26503.0,NAVER_FDR
2018-03-07,26540.0,NAVER_FDR
2018-03-08,26805.0,NAVER_FDR
2018-03-09,27115.0,NAVER_FDR
2018-03-12,27353.0,NAVER_FDR
2018-03-13,27480.0,NAVER_FDR
2018-03-14,27458.0,NAVER_FDR
2018-03-15,27557.0,NAVER_FDR
2018-03-16,27506.0,NAVER_FDR
2018-03-19,27310.0,NAVER_FDR
2018-03-20,27438.0,NAVER_FDR
2018-03-21,27442.0,NAVER_FDR
2018-03-22,27547.0,NAVER_FDR
2018-03-23,26628.0,NAVER_FDR
2018-03-26,26860.0,NAVER_FDR
2018-03-27,26972.0,NAVER_FDR
2018-03-28,26639.0,NAVER_FDR
2018-03-29,26860.0,NAVER_FDR
2018-03-30,26927.0,NAVER_FDR
2018-04-02,26864.0,NAVER_FDR
2018-04-03,26810.0,NAVER_FDR
2018-04-04,26398.0,NAVER_FDR
2018-04-05,26764.0,NAVER_FDR
2018-04-06,26632.0,NAVER_FDR
2018-04-09,26818.0,NAVER_FDR
2018-04-10,26845.0,NAVER_FDR
2018-04-11,26760.0,NAVER_FDR
2018-04-12,26755.0,NAVER_FDR
2018-04-13,26932.0,NAVER_FDR
2018-04-16,26953.0,NAVER_FDR
2018-04-17,26915.0,NAVER_FDR
2018-04-18,27217.0,NAVER_FDR
2018-04-19,27367.0,NAVER_FDR
2018-04-20,27188.0,NAVER_FDR
2018-04-23,27171.0,NAVER_FDR
2018-04-24,27017.0,NAVER_FDR
2018-04-25,26845.0,NAVER_FDR
2018-04-26,27184.0,NAVER_FDR
2018-04-27,27430.0,NAVER_FDR
2018-04-30,27607.0,NAVER_FDR
2018-05-02,27413.0,NAVER_FDR
2018-05-03,27320.0,NAVER_FDR
2018-05-04,27100.0,NAVER_FDR
2018-05-08,26973.0,NAVER_FDR
2018-05-09,26887.0,NAVER_FDR
2018-05-10,27070.0,NAVER_FDR
2018-05-11,27238.0,NAVER_FDR
2018-05-14,27184.0,NAVER_FDR
2018-05-15,26933.0,NAVER_FDR
2018-05-16,27018.0,NAVER_FDR
2018-05-17,26921.0,NAVER_FDR
2018-05-18,27005.0,NAVER_FDR
2018-05-21,27050.0,NAVER_FDR
2018-05-23,27233.0,NAVER_FDR
2018-05-24,27149.0,NAVER_FDR
2018-05-25,27193.0,NAVER_FDR
2018-05-28,27308.0,NAVER_FDR
2018-05-29,27053.0,NAVER_FDR
2018-05-30,26476.0,NAVER_FDR
2018-05-31,26585.0,NAVER_FDR
2018-06-01,26744.0,NAVER_FDR
2018-06-04,26887.0,NAVER_FDR
2018-06-05,26945.0,NAVER_FDR
2018-06-07,27184.0,NAVER_FDR
2018-06-08,26916.0,NAVER_FDR
2018-06-11,27154.0,NAVER_FDR
2018-06-12,27118.0,NAVER_FDR
2018-06-14,26621.0,NAVER_FDR
2018-06-15,26489.0,NAVER_FDR
2018-06-18,26171.0,NAVER_FDR
2018-06-19,25835.0,NAVER_FDR
2018-06-20,26022.0,NAVER_FDR
2018-06-21,25794.0,NAVER_FDR
2018-06-22,25994.0,NAVER_FDR
2018-06-25,25981.0,NAVER_FDR
2018-06-26,25950.0,NAVER_FDR
2018-06-27,25853.0,NAVER_FDR
2018-06-28,25627.0,NAVER_FDR
2018-06-29,25682.0,NAVER_FDR
2018-07-02,25106.0,NAVER_FDR
2018-07-03,25141.0,NAVER_FDR
2018-07-04,25070.0,NAVER_FDR
2018-07-05,25010.0,NAVER_FDR
2018-07-06,25188.0,NAVER_FDR
2018-07-09,25375.0,NAVER_FDR
2018-07-10,25411.0,NAVER_FDR
2018-07-11,25268.0,NAVER_FDR
2018-07-12,25344.0,NAVER_FDR
2018-07-13,25596.0,NAVER_FDR
2018-07-16,25519.0,NAVER_FDR
2018-07-17,25489.0,NAVER_FDR
2018-07-18,25428.0,NAVER_FDR
2018-07-19,25358.0,NAVER_FDR
2018-07-20,25484.0,NAVER_FDR
2018-07-23,25280.0,NAVER_FDR
2018-07-24,25355.0,NAVER_FDR
2018-07-25,25311.0,NAVER_FDR
2018-07-26,25479.0,NAVER_FDR
2018-07-27,25559.0,NAVER_FDR
2018-07-30,25497.0,NAVER_FDR
2018-07-31,25533.0,NAVER_FDR
2018-08-01,25623.0,NAVER_FDR
2018-08-02,25160.0,NAVER_FDR
2018-08-03,25357.0,NAVER_FDR
2018-08-06,25321.0,NAVER_FDR
2018-08-07,25494.0,NAVER_FDR
2018-08-08,25497.0,NAVER_FDR
2018-08-09,25484.0,NAVER_FDR
2018-08-10,25207.0,NAVER_FDR
2018-08-13,24870.0,NAVER_FDR
2018-08-14,24984.0,NAVER_FDR
2018-08-16,24738.0,NAVER_FDR
2018-08-17,24747.0,NAVER_FDR
2018-08-20,24770.0,NAVER_FDR
2018-08-21,25039.0,NAVER_FDR
2018-08-22,25127.0,NAVER_FDR
2018-08-23,25233.0,NAVER_FDR
2018-08-24,25330.0,NAVER_FDR
2018-08-27,25456.0,NAVER_FDR
2018-08-28,25476.0,NAVER_FDR
2018-08-29,25551.0,NAVER_FDR
2018-08-30,25564.0,NAVER_FDR
2018-08-31,25664.0,NAVER_FDR
2018-09-03,25514.0,NAVER_FDR
2018-09-04,25627.0,NAVER_FDR
2018-09-05,25297.0,NAVER_FDR
2018-09-06,25260.0,NAVER_FDR
2018-09-07,25114.0,NAVER_FDR
2018-09-10,25169.0,NAVER_FDR
2018-09-11,25090.0,NAVER_FDR
2018-09-12,25065.0,NAVER_FDR
2018-09-13,25099.0,NAVER_FDR
2018-09-14,25497.0,NAVER_FDR
2018-09-17,25297.0,NAVER_FDR
2018-09-18,25406.0,NAVER_FDR
2018-09-19,25428.0,NAVER_FDR
2018-09-20,25669.0,NAVER_FDR
2018-09-21,25770.0,NAVER_FDR
2018-09-27,25969.0,NAVER_FDR
2018-09-28,25804.0,NAVER_FDR
2018-10-01,25799.0,NAVER_FDR
2018-10-02,25489.0,NAVER_FDR
2018-10-04,25095.0,NAVER_FDR
2018-10-05,25056.0,NAVER_FDR
2018-10-08,24929.0,NAVER_FDR
2018-10-10,24770.0,NAVER_FDR
2018-10-11,23744.0,NAVER_FDR
2018-10-12,23975.0,NAVER_FDR
2018-10-15,23843.0,NAVER_FDR
2018-10-16,23779.0,NAVER_FDR
2018-10-17,24089.0,NAVER_FDR
2018-10-18,23874.0,NAVER_FDR
2018-10-19,23967.0,NAVER_FDR
2018-10-22,24014.0,NAVER_FDR
2018-10-23,23455.0,NAVER_FDR
2018-10-24,23338.0,NAVER_FDR
2018-10-25,22963.0,NAVER_FDR
2018-10-26,22602.0,NAVER_FDR
2018-10-29,22415.0,NAVER_FDR
2018-10-30,22572.0,NAVER_FDR
2018-10-31,22675.0,NAVER_FDR
2018-11-01,22581.0,NAVER_FDR
2018-11-02,23433.0,NAVER_FDR
2018-11-05,23179.0,NAVER_FDR
2018-11-06,23341.0,NAVER_FDR
2018-11-07,23221.0,NAVER_FDR
2018-11-08,23417.0,NAVER_FDR
2018-11-09,23277.0,NAVER_FDR
2018-11-12,23336.0,NAVER_FDR
2018-11-13,23161.0,NAVER_FDR
2018-11-14,23102.0,NAVER_FDR
2018-11-15,23332.0,NAVER_FDR
2018-11-16,23314.0,NAVER_FDR
2018-11-19,23395.0,NAVER_FDR
2018-11-20,23166.0,NAVER_FDR
2018-11-21,23052.0,NAVER_FDR
2018-11-22,23027.0,NAVER_FDR
2018-11-23,22877.0,NAVER_FDR
2018-11-26,23190.0,NAVER_FDR
2018-11-27,23367.0,NAVER_FDR
2018-11-28,23511.0,NAVER_FDR
2018-11-29,23558.0,NAVER_FDR
2018-11-30,23336.0,NAVER_FDR
2018-12-03,23744.0,NAVER_FDR
2018-12-04,23476.0,NAVER_FDR
2018-12-05,23336.0,NAVER_FDR
2018-12-06,22989.0,NAVER_FDR
2018-12-07,23064.0,NAVER_FDR
2018-12-10,22850.0,NAVER_FDR
2018-12-11,22795.0,NAVER_FDR
2018-12-12,23092.0,NAVER_FDR
2018-12-13,23212.0,NAVER_FDR
2018-12-14,22840.0,NAVER_FDR
2018-12-17,22904.0,NAVER_FDR
2018-12-18,22823.0,NAVER_FDR
2018-12-19,22974.0,NAVER_FDR
2018-12-20,22774.0,NAVER_FDR
2018-12-21,22752.0,NAVER_FDR
2018-12-24,22761.0,NAVER_FDR
2018-12-26,22463.0,NAVER_FDR
2018-12-27,22742.0,NAVER_FDR
2018-12-28,22835.0,NAVER_FDR
2019-01-02,22572.0,NAVER_FDR
2019-01-03,22354.0,NAVER_FDR
2019-01-04,22523.0,NAVER_FDR
2019-01-07,22845.0,NAVER_FDR
2019-01-08,22699.0,NAVER_FDR
2019-01-09,23166.0,NAVER_FDR
2019-01-10,23156.0,NAVER_FDR
2019-01-11,23297.0,NAVER_FDR
2019-01-14,23097.0,NAVER_FDR
2019-01-15,23562.0,NAVER_FDR
2019-01-16,23663.0,NAVER_FDR
2019-01-17,23713.0,NAVER_FDR
2019-01-18,23893.0,NAVER_FDR
2019-01-21,23905.0,NAVER_FDR
2019-01-22,23786.0,NAVER_FDR
2019-01-23,23924.0,NAVER_FDR
2019-01-24,24122.0,NAVER_FDR
2019-01-25,24559.0,NAVER_FDR
2019-01-28,24545.0,NAVER_FDR
2019-01-29,24665.0,NAVER_FDR
2019-01-30,24964.0,NAVER_FDR
2019-01-31,24938.0,NAVER_FDR
2019-02-01,24913.0,NAVER_FDR
2019-02-07,24913.0,NAVER_FDR
2019-02-08,24559.0,NAVER_FDR
2019-02-11,24603.0,NAVER_FDR
2019-02-12,24737.0,NAVER_FDR
2019-02-13,24862.0,NAVER_FDR
2019-02-14,25103.0,NAVER_FDR
2019-02-15,24772.0,NAVER_FDR
2019-02-18,24950.0,NAVER_FDR
2019-02-19,24838.0,NAVER_FDR
2019-02-20,25122.0,NAVER_FDR
2019-02-21,25122.0,NAVER_FDR
2019-02-22,25135.0,NAVER_FDR
2019-02-25,25187.0,NAVER_FDR
2019-02-26,25095.0,NAVER_FDR
2019-02-27,25174.0,NAVER_FDR
2019-02-28,24749.0,NAVER_FDR
2019-03-04,24628.0,NAVER_FDR
2019-03-05,24460.0,NAVER_FDR
2019-03-06,24388.0,NAVER_FDR
2019-03-07,24314.0,NAVER_FDR
2019-03-08,23984.0,NAVER_FDR
2019-03-11,24000.0,NAVER_FDR
2019-03-12,24247.0,NAVER_FDR
2019-03-13,24070.0,NAVER_FDR
2019-03-14,24134.0,NAVER_FDR
2019-03-15,24416.0,NAVER_FDR
2019-03-18,24437.0,NAVER_FDR
2019-03-19,24412.0,NAVER_FDR
2019-03-20,24442.0,NAVER_FDR
2019-03-21,24607.0,NAVER_FDR
2019-03-22,24665.0,NAVER_FDR
2019-03-25,24187.0,NAVER_FDR
2019-03-26,24206.0,NAVER_FDR
2019-03-27,24201.0,NAVER_FDR
2019-03-28,24067.0,NAVER_FDR
2019-03-29,24210.0,NAVER_FDR
2019-04-01,24530.0,NAVER_FDR
2019-04-02,24624.0,NAVER_FDR
2019-04-03,24986.0,NAVER_FDR
2019-04-04,25011.0,NAVER_FDR
2019-04-05,25059.0,NAVER_FDR
2019-04-08,25000.0,NAVER_FDR
2019-04-09,25041.0,NAVER_FDR
2019-04-10,25169.0,NAVER_FDR
2019-04-11,25114.0,NAVER_FDR
2019-04-12,25174.0,NAVER_FDR
2019-04-15,25279.0,NAVER_FDR
2019-04-16,25376.0,NAVER_FDR
2019-04-17,25358.0,NAVER_FDR
2019-04-18,24955.0,NAVER_FDR
2019-04-19,24959.0,NAVER_FDR
2019-04-22,24964.0,NAVER_FDR
2019-04-23,25008.0,NAVER_FDR
2019-04-24,24737.0,NAVER_FDR
2019-04-25,24699.0,NAVER_FDR
2019-04-26,24549.0,NAVER_FDR
2019-04-29,25045.0,NAVER_FDR
2019-04-30,24887.0,NAVER_FDR
2019-05-02,24998.0,NAVER_FDR
2019-05-03,24775.0,NAVER_FDR
2019-05-07,24577.0,NAVER_FDR
2019-05-08,24467.0,NAVER_FDR
2019-05-09,23749.0,NAVER_FDR
2019-05-10,23791.0,NAVER_FDR
2019-05-13,23511.0,NAVER_FDR
2019-05-14,23468.0,NAVER_FDR
2019-05-15,23580.0,NAVER_FDR
2019-05-16,23248.0,NAVER_FDR
2019-05-17,23094.0,NAVER_FDR
2019-05-20,23155.0,NAVER_FDR
2019-05-21,23269.0,NAVER_FDR
2019-05-22,23320.0,NAVER_FDR
2019-05-23,23290.0,NAVER_FDR
2019-05-24,23120.0,NAVER_FDR
2019-05-27,23138.0,NAVER_FDR
2019-05-28,23175.0,NAVER_FDR
2019-05-29,22858.0,NAVER_FDR
2019-05-30,23066.0,NAVER_FDR
2019-05-31,23028.0,NAVER_FDR
2019-06-03,23407.0,NAVER_FDR
2019-06-04,23361.0,NAVER_FDR
2019-06-05,23388.0,NAVER_FDR
2019-06-07,23398.0,NAVER_FDR
2019-06-10,23740.0,NAVER_FDR
2019-06-11,23876.0,NAVER_FDR
2019-06-12,23791.0,NAVER_FDR
2019-06-13,23597.0,NAVER_FDR
2019-06-14,23592.0,NAVER_FDR
2019-06-17,23607.0,NAVER_FDR
2019-06-18,23721.0,NAVER_FDR
2019-06-19,24020.0,NAVER_FDR
2019-06-20,24103.0,NAVER_FDR
2019-06-21,24039.0,NAVER_FDR
2019-06-24,24076.0,NAVER_FDR
2019-06-25,24042.0,NAVER_FDR
2019-06-26,24067.0,NAVER_FDR
2019-06-27,24361.0,NAVER_FDR
2019-06-28,24299.0,NAVER_FDR
2019-07-01,24304.0,NAVER_FDR
2019-07-02,24166.0,NAVER_FDR
2019-07-03,23858.0,NAVER_FDR
2019-07-04,24058.0,NAVER_FDR
2019-07-05,24025.0,NAVER_FDR
2019-07-08,23520.0,NAVER_FDR
2019-07-09,23472.0,NAVER_FDR
2019-07-10,23563.0,NAVER_FDR
2019-07-11,23848.0,NAVER_FDR
2019-07-12,23899.0,NAVER_FDR
2019-07-15,23886.0,NAVER_FDR
2019-07-16,23991.0,NAVER_FDR
2019-07-17,23779.0,NAVER_FDR
2019-07-18,23725.0,NAVER_FDR
2019-07-19,24058.0,NAVER_FDR
2019-07-22,24051.0,NAVER_FDR
2019-07-23,24166.0,NAVER_FDR
2019-07-24,23935.0,NAVER_FDR
2019-07-25,23891.0,NAVER_FDR
2019-07-26,23840.0,NAVER_FDR
2019-07-29,23520.0,NAVER_FDR
2019-07-30,23584.0,NAVER_FDR
2019-07-31,23347.0,NAVER_FDR
2019-08-01,23319.0,NAVER_FDR
2019-08-02,23058.0,NAVER_FDR
2019-08-05,22557.0,NAVER_FDR
2019-08-06,22241.0,NAVER_FDR
2019-08-07,22108.0,NAVER_FDR
2019-08-08,22202.0,NAVER_FDR
2019-08-09,22359.0,NAVER_FDR
2019-08-12,22392.0,NAVER_FDR
2019-08-13,22163.0,NAVER_FDR
2019-08-14,22321.0,NAVER_FDR
2019-08-16,22246.0,NAVER_FDR
2019-08-19,22387.0,NAVER_FDR
2019-08-20,22608.0,NAVER_FDR
2019-08-21,22652.0,NAVER_FDR
2019-08-22,22469.0,NAVER_FDR
2019-08-23,22447.0,NAVER_FDR
2019-08-26,22121.0,NAVER_FDR
2019-08-27,22187.0,NAVER_FDR
2019-08-28,22403.0,NAVER_FDR
2019-08-29,22284.0,NAVER_FDR
2019-08-30,22652.0,NAVER_FDR
2019-09-02,22692.0,NAVER_FDR
2019-09-03,22603.0,NAVER_FDR
2019-09-04,22937.0,NAVER_FDR
2019-09-05,23140.0,NAVER_FDR
2019-09-06,23247.0,NAVER_FDR
2019-09-09,23432.0,NAVER_FDR
2019-09-10,23534.0,NAVER_FDR
2019-09-11,23707.0,NAVER_FDR
2019-09-16,23784.0,NAVER_FDR
2019-09-17,23776.0,NAVER_FDR
2019-09-18,23904.0,NAVER_FDR
2019-09-19,24064.0,NAVER_FDR
2019-09-20,24196.0,NAVER_FDR
2019-09-23,24227.0,NAVER_FDR
2019-09-24,24371.0,NAVER_FDR
2019-09-25,24021.0,NAVER_FDR
2019-09-26,24064.0,NAVER_FDR
2019-09-27,23812.0,NAVER_FDR
2019-09-30,24011.0,NAVER_FDR
2019-10-01,24068.0,NAVER_FDR
2019-10-02,23559.0,NAVER_FDR
2019-10-04,23458.0,NAVER_FDR
2019-10-07,23499.0,NAVER_FDR
2019-10-08,23845.0,NAVER_FDR
2019-10-10,23674.0,NAVER_FDR
2019-10-11,23841.0,NAVER_FDR
2019-10-14,24087.0,NAVER_FDR
2019-10-15,24116.0,NAVER_FDR
2019-10-16,24251.0,NAVER_FDR
2019-10-17,24173.0,NAVER_FDR
2019-10-18,23932.0,NAVER_FDR
2019-10-21,24068.0,NAVER_FDR
2019-10-22,24388.0,NAVER_FDR
2019-10-23,24240.0,NAVER_FDR
2019-10-24,24306.0,NAVER_FDR
2019-10-25,24326.0,NAVER_FDR
2019-10-28,24419.0,NAVER_FDR
2019-10-29,24368.0,NAVER_FDR
2019-10-30,24181.0,NAVER_FDR
2019-10-31,24275.0,NAVER_FDR
2019-11-01,24460.0,NAVER_FDR
2019-11-04,24809.0,NAVER_FDR
2019-11-05,24978.0,NAVER_FDR
2019-11-06,24990.0,NAVER_FDR
2019-11-07,24958.0,NAVER_FDR
2019-11-08,24873.0,NAVER_FDR
2019-11-11,24684.0,NAVER_FDR
2019-11-12,24902.0,NAVER_FDR
2019-11-13,24700.0,NAVER_FDR
2019-11-14,24897.0,NAVER_FDR
2019-11-15,25251.0,NAVER_FDR
2019-11-18,25223.0,NAVER_FDR
2019-11-19,25111.0,NAVER_FDR
2019-11-20,24788.0,NAVER_FDR
2019-11-21,24423.0,NAVER_FDR
2019-11-22,24541.0,NAVER_FDR
2019-11-25,24814.0,NAVER_FDR
2019-11-26,24819.0,NAVER_FDR
2019-11-27,24845.0,NAVER_FDR
2019-11-28,24734.0,NAVER_FDR
2019-11-29,24309.0,NAVER_FDR
2019-12-02,24388.0,NAVER_FDR
2019-12-03,24265.0,NAVER_FDR
2019-12-04,24103.0,NAVER_FDR
2019-12-05,24046.0,NAVER_FDR
2019-12-06,24326.0,NAVER_FDR
2019-12-09,24437.0,NAVER_FDR
2019-12-10,24558.0,NAVER_FDR
2019-12-11,24656.0,NAVER_FDR
2019-12-12,25104.0,NAVER_FDR
2019-12-13,25495.0,NAVER_FDR
2019-12-16,25486.0,NAVER_FDR
2019-12-17,25836.0,NAVER_FDR
2019-12-18,25832.0,NAVER_FDR
2019-12-19,25856.0,NAVER_FDR
2019-12-20,25913.0,NAVER_FDR
2019-12-23,25910.0,NAVER_FDR
2019-12-24,25744.0,NAVER_FDR
2019-12-26,25848.0,NAVER_FDR
2019-12-27,26226.0,NAVER_FDR
2019-12-30,26134.0,NAVER_FDR
2020-01-02,25856.0,NAVER_FDR
2020-01-03,25852.0,NAVER_FDR
2020-01-06,25657.0,NAVER_FDR
2020-01-07,25913.0,NAVER_FDR
2020-01-08,25749.0,NAVER_FDR
2020-01-09,26179.0,NAVER_FDR
2020-01-10,26395.0,NAVER_FDR
2020-01-13,26667.0,NAVER_FDR
2020-01-14,26792.0,NAVER_FDR
2020-01-15,26634.0,NAVER_FDR
2020-01-16,26907.0,NAVER_FDR
2020-01-17,26967.0,NAVER_FDR
2020-01-20,27173.0,NAVER_FDR
2020-01-21,26867.0,NAVER_FDR
2020-01-22,27224.0,NAVER_FDR
2020-01-23,26867.0,NAVER_FDR
2020-01-28,26052.0,NAVER_FDR
2020-01-29,26138.0,NAVER_FDR
2020-01-30,25648.0,NAVER_FDR
2020-01-31,25374.0,NAVER_FDR
2020-02-03,25400.0,NAVER_FDR
2020-02-04,25835.0,NAVER_FDR
2020-02-05,25965.0,NAVER_FDR
2020-02-06,26737.0,NAVER_FDR
2020-02-07,26515.0,NAVER_FDR
2020-02-10,26372.0,NAVER_FDR
2020-02-11,26626.0,NAVER_FDR
2020-02-12,26846.0,NAVER_FDR
2020-02-13,26780.0,NAVER_FDR
2020-02-14,26943.0,NAVER_FDR
2020-02-17,26922.0,NAVER_FDR
2020-02-18,26497.0,NAVER_FDR
2020-02-19,26546.0,NAVER_FDR
2020-02-20,26407.0,NAVER_FDR
2020-02-21,26028.0,NAVER_FDR
2020-02-24,25049.0,NAVER_FDR
2020-02-25,25326.0,NAVER_FDR
2020-02-26,24957.0,NAVER_FDR
2020-02-27,24698.0,NAVER_FDR
2020-02-28,23900.0,NAVER_FDR
2020-03-02,24130.0,NAVER_FDR
2020-03-03,24240.0,NAVER_FDR
2020-03-04,24790.0,NAVER_FDR
2020-03-05,25010.0,NAVER_FDR
2020-03-06,24509.0,NAVER_FDR
2020-03-09,23473.0,NAVER_FDR
2020-03-10,23610.0,NAVER_FDR
2020-03-11,22901.0,NAVER_FDR
2020-03-12,22135.0,NAVER_FDR
2020-03-13,21565.0,NAVER_FDR
2020-03-16,20780.0,NAVER_FDR
2020-03-17,20316.0,NAVER_FDR
2020-03-18,19196.0,NAVER_FDR
2020-03-19,17791.0,NAVER_FDR
2020-03-20,19159.0,NAVER_FDR
2020-03-23,18033.0,NAVER_FDR
2020-03-24,19707.0,NAVER_FDR
2020-03-25,20838.0,NAVER_FDR
2020-03-26,20431.0,NAVER_FDR
2020-03-27,20926.0,NAVER_FDR
2020-03-30,20802.0,NAVER_FDR
2020-03-31,21170.0,NAVER_FDR
2020-04-01,20178.0,NAVER_FDR
2020-04-02,20798.0,NAVER_FDR
2020-04-03,20743.0,NAVER_FDR
2020-04-06,21574.0,NAVER_FDR
2020-04-07,21908.0,NAVER_FDR
2020-04-08,21589.0,NAVER_FDR
2020-04-09,21931.0,NAVER_FDR
2020-04-10,22117.0,NAVER_FDR
2020-04-13,21741.0,NAVER_FDR
2020-04-14,22117.0,NAVER_FDR
2020-04-16,22117.0,NAVER_FDR
2020-04-17,22792.0,NAVER_FDR
2020-04-20,22516.0,NAVER_FDR
2020-04-21,22267.0,NAVER_FDR
2020-04-22,22459.0,NAVER_FDR
2020-04-23,22680.0,NAVER_FDR
2020-04-24,22342.0,NAVER_FDR
2020-04-27,22787.0,NAVER_FDR
2020-04-28,22922.0,NAVER_FDR
2020-04-29,23074.0,NAVER_FDR
2020-05-04,22375.0,NAVER_FDR
2020-05-06,22792.0,NAVER_FDR
2020-05-07,22736.0,NAVER_FDR
2020-05-08,22931.0,NAVER_FDR
2020-05-11,22769.0,NAVER_FDR
2020-05-12,22608.0,NAVER_FDR
2020-05-13,22866.0,NAVER_FDR
2020-05-14,22626.0,NAVER_FDR
2020-05-15,22678.0,NAVER_FDR
2020-05-18,22824.0,NAVER_FDR
2020-05-19,23415.0,NAVER_FDR
2020-05-20,23468.0,NAVER_FDR
2020-05-21,23574.0,NAVER_FDR
2020-05-22,23175.0,NAVER_FDR
2020-05-25,23463.0,NAVER_FDR
2020-05-26,23888.0,NAVER_FDR
2020-05-27,23901.0,NAVER_FDR
2020-05-28,23974.0,NAVER_FDR
2020-05-29,23929.0,NAVER_FDR
2020-06-01,24403.0,NAVER_FDR
2020-06-02,24658.0,NAVER_FDR
2020-06-03,25563.0,NAVER_FDR
2020-06-04,25592.0,NAVER_FDR
2020-06-05,26025.0,NAVER_FDR
2020-06-08,25986.0,NAVER_FDR
2020-06-09,26001.0,NAVER_FDR
2020-06-10,26082.0,NAVER_FDR
2020-06-11,25651.0,NAVER_FDR
2020-06-12,25126.0,NAVER_FDR
2020-06-15,23863.0,NAVER_FDR
2020-06-16,25328.0,NAVER_FDR
2020-06-17,25259.0,NAVER_FDR
2020-06-18,25185.0,NAVER_FDR
2020-06-19,25275.0,NAVER_FDR
2020-06-22,25097.0,NAVER_FDR
2020-06-23,25160.0,NAVER_FDR
2020-06-24,25574.0,NAVER_FDR
2020-06-25,24929.0,NAVER_FDR
2020-06-26,25280.0,NAVER_FDR
2020-06-29,24871.0,NAVER_FDR
2020-06-30,25087.0,NAVER_FDR
2020-07-01,25100.0,NAVER_FDR
2020-07-02,25418.0,NAVER_FDR
2020-07-03,25629.0,NAVER_FDR
2020-07-06,26025.0,NAVER_FDR
2020-07-07,25710.0,NAVER_FDR
2020-07-08,25633.0,NAVER_FDR
2020-07-09,25752.0,NAVER_FDR
2020-07-10,25504.0,NAVER_FDR
2020-07-13,25991.0,NAVER_FDR
2020-07-14,25950.0,NAVER_FDR
2020-07-15,26208.0,NAVER_FDR
2020-07-16,25921.0,NAVER_FDR
2020-07-17,26119.0,NAVER_FDR
2020-07-20,26058.0,NAVER_FDR
2020-07-21,26437.0,NAVER_FDR
2020-07-22,26339.0,NAVER_FDR
2020-07-23,26182.0,NAVER_FDR
2020-07-24,26039.0,NAVER_FDR
2020-07-27,26290.0,NAVER_FDR
2020-07-28,26839.0,NAVER_FDR
2020-07-29,26975.0,NAVER_FDR
2020-07-30,27014.0,NAVER_FDR
2020-07-31,26798.0,NAVER_FDR
2020-08-03,26798.0,NAVER_FDR
2020-08-04,27122.0,NAVER_FDR
2020-08-05,27417.0,NAVER_FDR
2020-08-06,27848.0,NAVER_FDR
2020-08-07,27968.0,NAVER_FDR
2020-08-10,28385.0,NAVER_FDR
2020-08-11,28743.0,NAVER_FDR
2020-08-12,28899.0,NAVER_FDR
2020-08-13,28885.0,NAVER_FDR
2020-08-14,28581.0,NAVER_FDR
2020-08-18,27991.0,NAVER_FDR
2020-08-19,28089.0,NAVER_FDR
2020-08-20,27004.0,NAVER_FDR
2020-08-21,27413.0,NAVER_FDR
2020-08-24,27717.0,NAVER_FDR
2020-08-25,28082.0,NAVER_FDR
2020-08-26,28086.0,NAVER_FDR
2020-08-27,27830.0,NAVER_FDR
2020-08-28,27981.0,NAVER_FDR
2020-08-31,27527.0,NAVER_FDR
2020-09-01,27745.0,NAVER_FDR
2020-09-02,27886.0,NAVER_FDR
2020-09-03,28309.0,NAVER_FDR
2020-09-04,27912.0,NAVER_FDR
2020-09-07,28042.0,NAVER_FDR
2020-09-08,28397.0,NAVER_FDR
2020-09-09,28052.0,NAVER_FDR
2020-09-10,28317.0,NAVER_FDR
2020-09-11,28299.0,NAVER_FDR
2020-09-14,28680.0,NAVER_FDR
2020-09-15,28904.0,NAVER_FDR
2020-09-16,28824.0,NAVER_FDR
2020-09-17,28397.0,NAVER_FDR
2020-09-18,28492.0,NAVER_FDR
2020-09-21,28248.0,NAVER_FDR
2020-09-22,27590.0,NAVER_FDR
2020-09-23,27696.0,NAVER_FDR
2020-09-24,27054.0,NAVER_FDR
2020-09-25,27177.0,NAVER_FDR
2020-09-28,27573.0,NAVER_FDR
2020-09-29,27830.0,NAVER_FDR
2020-10-05,28137.0,NAVER_FDR
2020-10-06,28199.0,NAVER_FDR
2020-10-07,28474.0,NAVER_FDR
2020-10-08,28482.0,NAVER_FDR
2020-10-12,28598.0,NAVER_FDR
2020-10-13,28619.0,NAVER_FDR
2020-10-14,28339.0,NAVER_FDR
2020-10-15,28129.0,NAVER_FDR
2020-10-16,27963.0,NAVER_FDR
2020-10-19,28027.0,NAVER_FDR
2020-10-20,28221.0,NAVER_FDR
2020-10-21,28313.0,NAVER_FDR
2020-10-22,28121.0,NAVER_FDR
2020-10-23,28221.0,NAVER_FDR
2020-10-26,28167.0,NAVER_FDR
2020-10-27,27925.0,NAVER_FDR
2020-10-28,28078.0,NAVER_FDR
2020-10-29,27785.0,NAVER_FDR
2020-10-30,27029.0,NAVER_FDR
2020-11-02,27442.0,NAVER_FDR
2020-11-03,27991.0,NAVER_FDR
2020-11-04,28163.0,NAVER_FDR
2020-11-05,28784.0,NAVER_FDR
2020-11-06,28856.0,NAVER_FDR
2020-11-09,29220.0,NAVER_FDR
2020-11-10,29215.0,NAVER_FDR
2020-11-11,29684.0,NAVER_FDR
2020-11-12,29542.0,NAVER_FDR
2020-11-13,29851.0,NAVER_FDR
2020-11-16,30487.0,NAVER_FDR
2020-11-17,30478.0,NAVER_FDR
2020-11-18,30447.0,NAVER_FDR
2020-11-19,30487.0,NAVER_FDR
2020-11-20,30520.0,NAVER_FDR
2020-11-23,31220.0,NAVER_FDR
2020-11-24,31389.0,NAVER_FDR
2020-11-25,31206.0,NAVER_FDR
2020-11-26,31515.0,NAVER_FDR
2020-11-27,31587.0,NAVER_FDR
2020-11-30,31108.0,NAVER_FDR
2020-12-01,31599.0,NAVER_FDR
2020-12-02,32152.0,NAVER_FDR
2020-12-03,32379.0,NAVER_FDR
2020-12-04,32960.0,NAVER_FDR
2020-12-07,33139.0,NAVER_FDR
2020-12-08,32608.0,NAVER_FDR
2020-12-09,33363.0,NAVER_FDR
2020-12-10,33099.0,NAVER_FDR
2020-12-11,33386.0,NAVER_FDR
2020-12-14,33256.0,NAVER_FDR
2020-12-15,33256.0,NAVER_FDR
2020-12-16,33395.0,NAVER_FDR
2020-12-17,33363.0,NAVER_FDR
2020-12-18,33316.0,NAVER_FDR
2020-12-21,33359.0,NAVER_FDR
2020-12-22,32816.0,NAVER_FDR
2020-12-23,33284.0,NAVER_FDR
2020-12-24,33948.0,NAVER_FDR
2020-12-28,34115.0,NAVER_FDR
2020-12-29,34696.0,NAVER_FDR
2020-12-30,35427.0,NAVER_FDR
2021-01-04,36359.0,NAVER_FDR
2021-01-05,36908.0,NAVER_FDR
2021-01-06,36547.0,NAVER_FDR
2021-01-07,37399.0,NAVER_FDR
2021-01-08,39054.0,NAVER_FDR
2021-01-11,39153.0,NAVER_FDR
2021-01-12,38850.0,NAVER_FDR
2021-01-13,39066.0,NAVER_FDR
2021-01-14,39019.0,NAVER_FDR
2021-01-15,38160.0,NAVER_FDR
2021-01-18,37277.0,NAVER_FDR
2021-01-19,38256.0,NAVER_FDR
2021-01-20,38477.0,NAVER_FDR
2021-01-21,39041.0,NAVER_FDR
2021-01-22,38771.0,NAVER_FDR
2021-01-25,39695.0,NAVER_FDR
2021-01-26,38615.0,NAVER_FDR
2021-01-27,38486.0,NAVER_FDR
2021-01-28,37777.0,NAVER_FDR
2021-01-29,36926.0,NAVER_FDR
2021-02-01,37848.0,NAVER_FDR
2021-02-02,38409.0,NAVER_FDR
2021-02-03,38729.0,NAVER_FDR
2021-02-04,38082.0,NAVER_FDR
2021-02-05,38568.0,NAVER_FDR
2021-02-08,38186.0,NAVER_FDR
2021-02-09,38059.0,NAVER_FDR
2021-02-10,38325.0,NAVER_FDR
2021-02-15,38887.0,NAVER_FDR
2021-02-16,39054.0,NAVER_FDR
2021-02-17,38633.0,NAVER_FDR
2021-02-18,38082.0,NAVER_FDR
2021-02-19,38413.0,NAVER_FDR
2021-02-22,38011.0,NAVER_FDR
2021-02-23,37970.0,NAVER_FDR
2021-02-24,37161.0,NAVER_FDR
2021-02-25,38513.0,NAVER_FDR
2021-02-26,37447.0,NAVER_FDR
2021-03-02,37865.0,NAVER_FDR
2021-03-03,38288.0,NAVER_FDR
2021-03-04,37797.0,NAVER_FDR
2021-03-05,37596.0,NAVER_FDR
2021-03-08,37242.0,NAVER_FDR
2021-03-09,37008.0,NAVER_FDR
2021-03-10,36796.0,NAVER_FDR
2021-03-11,37547.0,NAVER_FDR
2021-03-12,37880.0,NAVER_FDR
2021-03-15,37696.0,NAVER_FDR
2021-03-16,38011.0,NAVER_FDR
2021-03-17,37708.0,NAVER_FDR
2021-03-18,37984.0,NAVER_FDR
2021-03-19,37581.0,NAVER_FDR
2021-03-22,37646.0,NAVER_FDR
2021-03-23,37292.0,NAVER_FDR
2021-03-24,37120.0,NAVER_FDR
2021-03-25,37283.0,NAVER_FDR
2021-03-26,37626.0,NAVER_FDR
2021-03-29,37558.0,NAVER_FDR
2021-03-30,37984.0,NAVER_FDR
2021-03-31,37880.0,NAVER_FDR
2021-04-01,38224.0,NAVER_FDR
2021-04-02,38651.0,NAVER_FDR
2021-04-05,38729.0,NAVER_FDR
2021-04-06,38784.0,NAVER_FDR
2021-04-07,38878.0,NAVER_FDR
2021-04-08,38841.0,NAVER_FDR
2021-04-09,38654.0,NAVER_FDR
2021-04-12,38654.0,NAVER_FDR
2021-04-13,39096.0,NAVER_FDR
2021-04-14,39366.0,NAVER_FDR
2021-04-15,39403.0,NAVER_FDR
2021-04-16,39380.0,NAVER_FDR
2021-04-19,39375.0,NAVER_FDR
2021-04-20,39621.0,NAVER_FDR
2021-04-21,38910.0,NAVER_FDR
2021-04-22,38972.0,NAVER_FDR
2021-04-23,38993.0,NAVER_FDR
2021-04-26,39350.0,NAVER_FDR
2021-04-27,39394.0,NAVER_FDR
2021-04-28,38976.0,NAVER_FDR
2021-04-29,38844.0,NAVER_FDR
2021-04-30,38574.0,NAVER_FDR
2021-05-03,38329.0,NAVER_FDR
2021-05-04,38650.0,NAVER_FDR
2021-05-06,38881.0,NAVER_FDR
2021-05-07,39131.0,NAVER_FDR
2021-05-10,39787.0,NAVER_FDR
2021-05-11,39088.0,NAVER_FDR
2021-05-12,38442.0,NAVER_FDR
2021-05-13,38000.0,NAVER_FDR
2021-05-14,38355.0,NAVER_FDR
2021-05-17,38187.0,NAVER_FDR
2021-05-18,38642.0,NAVER_FDR
2021-05-20,38520.0,NAVER_FDR
2021-05-21,38500.0,NAVER_FDR
2021-05-24,38392.0,NAVER_FDR
2021-05-25,38757.0,NAVER_FDR
2021-05-26,38677.0,NAVER_FDR
2021-05-27,38610.0,NAVER_FDR
2021-05-28,38848.0,NAVER_FDR
2021-05-31,38998.0,NAVER_FDR
2021-06-01,39219.0,NAVER_FDR
2021-06-02,39189.0,NAVER_FDR
2021-06-03,39555.0,NAVER_FDR
2021-06-04,39405.0,NAVER_FDR
2021-06-07,39545.0,NAVER_FDR
2021-06-08,39468.0,NAVER_FDR
2021-06-09,39021.0,NAVER_FDR
2021-06-10,39152.0,NAVER_FDR
2021-06-11,39440.0,NAVER_FDR
2021-06-14,39424.0,NAVER_FDR
2021-06-15,39513.0,NAVER_FDR
2021-06-16,39755.0,NAVER_FDR
2021-06-17,39526.0,NAVER_FDR
2021-06-18,39644.0,NAVER_FDR
2021-06-21,39262.0,NAVER_FDR
2021-06-22,39531.0,NAVER_FDR
2021-06-23,39738.0,NAVER_FDR
2021-06-24,39887.0,NAVER_FDR
2021-06-25,40088.0,NAVER_FDR
2021-06-28,40047.0,NAVER_FDR
2021-06-29,39892.0,NAVER_FDR
2021-06-30,40032.0,NAVER_FDR
2021-07-01,39801.0,NAVER_FDR
2021-07-02,39751.0,NAVER_FDR
2021-07-05,39937.0,NAVER_FDR
2021-07-06,40120.0,NAVER_FDR
2021-07-07,39869.0,NAVER_FDR
2021-07-08,39454.0,NAVER_FDR
2021-07-09,39035.0,NAVER_FDR
2021-07-12,39387.0,NAVER_FDR
2021-07-13,39718.0,NAVER_FDR
2021-07-14,39582.0,NAVER_FDR
2021-07-15,39850.0,NAVER_FDR
2021-07-16,39682.0,NAVER_FDR
2021-07-19,39233.0,NAVER_FDR
2021-07-20,39107.0,NAVER_FDR
2021-07-21,38905.0,NAVER_FDR
2021-07-22,39391.0,NAVER_FDR
2021-07-23,39464.0,NAVER_FDR
2021-07-26,39039.0,NAVER_FDR
2021-07-27,39103.0,NAVER_FDR
2021-07-28,39219.0,NAVER_FDR
2021-07-29,39276.0,NAVER_FDR
2021-07-30,38799.0,NAVER_FDR
2021-08-02,38980.0,NAVER_FDR
2021-08-03,39322.0,NAVER_FDR
2021-08-04,39875.0,NAVER_FDR
2021-08-05,39802.0,NAVER_FDR
2021-08-06,39615.0,NAVER_FDR
2021-08-09,39431.0,NAVER_FDR
2021-08-10,39175.0,NAVER_FDR
2021-08-11,38823.0,NAVER_FDR
2021-08-12,38666.0,NAVER_FDR
2021-08-13,38017.0,NAVER_FDR
2021-08-17,37585.0,NAVER_FDR
2021-08-18,37774.0,NAVER_FDR
2021-08-19,37021.0,NAVER_FDR
2021-08-20,36661.0,NAVER_FDR
2021-08-23,36988.0,NAVER_FDR
2021-08-24,37694.0,NAVER_FDR
2021-08-25,37810.0,NAVER_FDR
2021-08-26,37529.0,NAVER_FDR
2021-08-27,37504.0,NAVER_FDR
2021-08-30,37595.0,NAVER_FDR
2021-08-31,38339.0,NAVER_FDR
2021-09-01,38395.0,NAVER_FDR
2021-09-02,38043.0,NAVER_FDR
2021-09-03,38290.0,NAVER_FDR
2021-09-06,38421.0,NAVER_FDR
2021-09-07,38191.0,NAVER_FDR
2021-09-08,37859.0,NAVER_FDR
2021-09-09,37189.0,NAVER_FDR
2021-09-10,37363.0,NAVER_FDR
2021-09-13,37444.0,NAVER_FDR
2021-09-14,37685.0,NAVER_FDR
2021-09-15,37738.0,NAVER_FDR
2021-09-16,37408.0,NAVER_FDR
2021-09-17,37504.0,NAVER_FDR
2021-09-23,37444.0,NAVER_FDR
2021-09-24,37408.0,NAVER_FDR
2021-09-27,37533.0,NAVER_FDR
2021-09-28,37044.0,NAVER_FDR
2021-09-29,36553.0,NAVER_FDR
2021-09-30,36706.0,NAVER_FDR
2021-10-01,36021.0,NAVER_FDR
2021-10-05,35487.0,NAVER_FDR
2021-10-06,34938.0,NAVER_FDR
2021-10-07,35523.0,NAVER_FDR
2021-10-08,35445.0,NAVER_FDR
2021-10-12,34838.0,NAVER_FDR
2021-10-13,35189.0,NAVER_FDR
2021-10-14,35631.0,NAVER_FDR
2021-10-15,35998.0,NAVER_FDR
2021-10-18,35884.0,NAVER_FDR
2021-10-19,36186.0,NAVER_FDR
2021-10-20,36026.0,NAVER_FDR
2021-10-21,35962.0,NAVER_FDR
2021-10-22,35993.0,NAVER_FDR
2021-10-25,36181.0,NAVER_FDR
2021-10-26,36516.0,NAVER_FDR
2021-10-27,36211.0,NAVER_FDR
2021-10-28,36110.0,NAVER_FDR
2021-10-29,35531.0,NAVER_FDR
2021-11-01,35678.0,NAVER_FDR
2021-11-02,36152.0,NAVER_FDR
2021-11-03,35640.0,NAVER_FDR
2021-11-04,35840.0,NAVER_FDR
2021-11-05,35687.0,NAVER_FDR
2021-11-08,35640.0,NAVER_FDR
2021-11-09,35730.0,NAVER_FDR
2021-11-10,35351.0,NAVER_FDR
2021-11-11,35346.0,NAVER_FDR
2021-11-12,35721.0,NAVER_FDR
2021-11-15,36134.0,NAVER_FDR
2021-11-16,36070.0,NAVER_FDR
2021-11-17,35617.0,NAVER_FDR
2021-11-18,35471.0,NAVER_FDR
2021-11-19,35730.0,NAVER_FDR
2021-11-22,36559.0,NAVER_FDR
2021-11-23,36239.0,NAVER_FDR
2021-11-24,36167.0,NAVER_FDR
2021-11-25,35900.0,NAVER_FDR
2021-11-26,35240.0,NAVER_FDR
2021-11-29,34963.0,NAVER_FDR
2021-11-30,34253.0,NAVER_FDR
2021-12-01,35077.0,NAVER_FDR
2021-12-02,35630.0,NAVER_FDR
2021-12-03,35900.0,NAVER_FDR
2021-12-06,35968.0,NAVER_FDR
2021-12-07,36266.0,NAVER_FDR
2021-12-08,36426.0,NAVER_FDR
2021-12-09,36535.0,NAVER_FDR
2021-12-10,36336.0,NAVER_FDR
2021-12-13,36362.0,NAVER_FDR
2021-12-14,36157.0,NAVER_FDR
2021-12-15,36167.0,NAVER_FDR
2021-12-16,36376.0,NAVER_FDR
2021-12-17,36467.0,NAVER_FDR
2021-12-20,35795.0,NAVER_FDR
2021-12-21,36070.0,NAVER_FDR
2021-12-22,36262.0,NAVER_FDR
2021-12-23,36439.0,NAVER_FDR
2021-12-24,36712.0,NAVER_FDR
2021-12-27,36497.0,NAVER_FDR
2021-12-28,36793.0,NAVER_FDR
2021-12-29,36712.0,NAVER_FDR
2021-12-30,36487.0,NAVER_FDR
2022-01-03,36574.0,NAVER_FDR
2022-01-04,36549.0,NAVER_FDR
2022-01-05,36030.0,NAVER_FDR
2022-01-06,35668.0,NAVER_FDR
2022-01-07,36115.0,NAVER_FDR
2022-01-10,35840.0,NAVER_FDR
2022-01-11,35947.0,NAVER_FDR
2022-01-12,36535.0,NAVER_FDR
2022-01-13,36349.0,NAVER_FDR
2022-01-14,35786.0,NAVER_FDR
2022-01-17,35526.0,NAVER_FDR
2022-01-18,35250.0,NAVER_FDR
2022-01-19,34994.0,NAVER_FDR
2022-01-20,35199.0,NAVER_FDR
2022-01-21,34801.0,NAVER_FDR
2022-01-24,34407.0,NAVER_FDR
2022-01-25,33569.0,NAVER_FDR
2022-01-26,33468.0,NAVER_FDR
2022-01-27,32359.0,NAVER_FDR
2022-01-28,33229.0,NAVER_FDR
2022-02-03,33549.0,NAVER_FDR
2022-02-04,33991.0,NAVER_FDR
2022-02-07,33640.0,NAVER_FDR
2022-02-08,33705.0,NAVER_FDR
2022-02-09,34172.0,NAVER_FDR
2022-02-10,34456.0,NAVER_FDR
2022-02-11,34135.0,NAVER_FDR
2022-02-14,33678.0,NAVER_FDR
2022-02-15,33472.0,NAVER_FDR
2022-02-16,34076.0,NAVER_FDR
2022-02-17,34298.0,NAVER_FDR
2022-02-18,34167.0,NAVER_FDR
2022-02-21,34192.0,NAVER_FDR
2022-02-22,33695.0,NAVER_FDR
2022-02-23,33813.0,NAVER_FDR
2022-02-24,32929.0,NAVER_FDR
2022-02-25,33301.0,NAVER_FDR
2022-02-28,33554.0,NAVER_FDR
2022-03-02,33416.0,NAVER_FDR
2022-03-03,34054.0,NAVER_FDR
2022-03-04,33525.0,NAVER_FDR
2022-03-07,32773.0,NAVER_FDR
2022-03-08,32347.0,NAVER_FDR
2022-03-10,33017.0,NAVER_FDR
2022-03-11,32894.0,NAVER_FDR
2022-03-14,32834.0,NAVER_FDR
2022-03-15,32549.0,NAVER_FDR
2022-03-16,33036.0,NAVER_FDR
2022-03-17,33534.0,NAVER_FDR
2022-03-18,33607.0,NAVER_FDR
2022-03-21,33265.0,NAVER_FDR
2022-03-22,33565.0,NAVER_FDR
2022-03-23,33860.0,NAVER_FDR
2022-03-24,33705.0,NAVER_FDR
2022-03-25,33565.0,NAVER_FDR
2022-03-28,33590.0,NAVER_FDR
2022-03-29,33764.0,NAVER_FDR
2022-03-30,33883.0,NAVER_FDR
2022-03-31,33991.0,NAVER_FDR
2022-04-01,33727.0,NAVER_FDR
2022-04-04,33887.0,NAVER_FDR
2022-04-05,33855.0,NAVER_FDR
2022-04-06,33506.0,NAVER_FDR
2022-04-07,33067.0,NAVER_FDR
2022-04-08,33090.0,NAVER_FDR
2022-04-11,33090.0,NAVER_FDR
2022-04-12,32778.0,NAVER_FDR
2022-04-13,33401.0,NAVER_FDR
2022-04-14,33215.0,NAVER_FDR
2022-04-15,32820.0,NAVER_FDR
2022-04-18,32846.0,NAVER_FDR
2022-04-19,33234.0,NAVER_FDR
2022-04-20,33206.0,NAVER_FDR
2022-04-21,33350.0,NAVER_FDR
2022-04-22,32984.0,NAVER_FDR
2022-04-25,32458.0,NAVER_FDR
2022-04-26,32596.0,NAVER_FDR
2022-04-27,32213.0,NAVER_FDR
2022-04-28,32530.0,NAVER_FDR
2022-04-29,33020.0,NAVER_FDR
2022-05-02,32895.0,NAVER_FDR
2022-05-03,32815.0,NAVER_FDR
2022-05-04,32895.0,NAVER_FDR
2022-05-06,32438.0,NAVER_FDR
2022-05-09,32131.0,NAVER_FDR
2022-05-10,31964.0,NAVER_FDR
2022-05-11,31960.0,NAVER_FDR
2022-05-12,31435.0,NAVER_FDR
2022-05-13,32180.0,NAVER_FDR
2022-05-16,32051.0,NAVER_FDR
2022-05-17,32362.0,NAVER_FDR
2022-05-18,32424.0,NAVER_FDR
2022-05-19,31960.0,NAVER_FDR
2022-05-20,32530.0,NAVER_FDR
2022-05-23,32638.0,NAVER_FDR
2022-05-24,32032.0,NAVER_FDR
2022-05-25,32170.0,NAVER_FDR
2022-05-26,32061.0,NAVER_FDR
2022-05-27,32401.0,NAVER_FDR
2022-05-30,32825.0,NAVER_FDR
2022-05-31,32955.0,NAVER_FDR
2022-06-02,32597.0,NAVER_FDR
2022-06-03,32777.0,NAVER_FDR
2022-06-07,32170.0,NAVER_FDR
2022-06-08,32240.0,NAVER_FDR
2022-06-09,32141.0,NAVER_FDR
2022-06-10,31810.0,NAVER_FDR
2022-06-13,30685.0,NAVER_FDR
2022-06-14,30565.0,NAVER_FDR
2022-06-15,30021.0,NAVER_FDR
2022-06-16,30001.0,NAVER_FDR
2022-06-17,29782.0,NAVER_FDR
2022-06-20,29301.0,NAVER_FDR
2022-06-21,29467.0,NAVER_FDR
2022-06-22,28721.0,NAVER_FDR
2022-06-23,28492.0,NAVER_FDR
2022-06-24,29089.0,NAVER_FDR
2022-06-27,29462.0,NAVER_FDR
2022-06-28,29690.0,NAVER_FDR
2022-06-29,29192.0,NAVER_FDR
2022-06-30,28708.0,NAVER_FDR
2022-07-01,28416.0,NAVER_FDR
2022-07-04,28425.0,NAVER_FDR
2022-07-05,28876.0,NAVER_FDR
2022-07-06,28219.0,NAVER_FDR
2022-07-07,28788.0,NAVER_FDR
2022-07-08,28948.0,NAVER_FDR
2022-07-11,28783.0,NAVER_FDR
2022-07-12,28510.0,NAVER_FDR
2022-07-13,28657.0,NAVER_FDR
2022-07-14,28555.0,NAVER_FDR
2022-07-15,28726.0,NAVER_FDR
2022-07-18,29365.0,NAVER_FDR
2022-07-19,29268.0,NAVER_FDR
2022-07-20,29486.0,NAVER_FDR
2022-07-21,29810.0,NAVER_FDR
2022-07-22,29618.0,NAVER_FDR
2022-07-25,29737.0,NAVER_FDR
2022-07-26,29843.0,NAVER_FDR
2022-07-27,29853.0,NAVER_FDR
2022-07-28,30050.0,NAVER_FDR
2022-07-29,30181.0,NAVER_FDR
2022-08-01,30166.0,NAVER_FDR
2022-08-02,30002.0,NAVER_FDR
2022-08-03,30213.0,NAVER_FDR
2022-08-04,30366.0,NAVER_FDR
2022-08-05,30566.0,NAVER_FDR
2022-08-08,30512.0,NAVER_FDR
2022-08-09,30608.0,NAVER_FDR
2022-08-10,30250.0,NAVER_FDR
2022-08-11,30754.0,NAVER_FDR
2022-08-12,30869.0,NAVER_FDR
2022-08-16,30948.0,NAVER_FDR
2022-08-17,30789.0,NAVER_FDR
2022-08-18,30674.0,NAVER_FDR
2022-08-19,30497.0,NAVER_FDR
2022-08-22,30101.0,NAVER_FDR
2022-08-23,29725.0,NAVER_FDR
2022-08-24,29843.0,NAVER_FDR
2022-08-25,30196.0,NAVER_FDR
2022-08-26,30213.0,NAVER_FDR
2022-08-29,29486.0,NAVER_FDR
2022-08-30,29810.0,NAVER_FDR
2022-08-31,30036.0,NAVER_FDR
2022-09-01,29354.0,NAVER_FDR
2022-09-02,29191.0,NAVER_FDR
2022-09-05,29191.0,NAVER_FDR
2022-09-06,29191.0,NAVER_FDR
2022-09-07,28768.0,NAVER_FDR
2022-09-08,28824.0,NAVER_FDR
2022-09-13,29733.0,NAVER_FDR
2022-09-14,29145.0,NAVER_FDR
2022-09-15,28982.0,NAVER_FDR
2022-09-16,28776.0,NAVER_FDR
2022-09-19,28571.0,NAVER_FDR
2022-09-20,28670.0,NAVER_FDR
2022-09-21,28404.0,NAVER_FDR
2022-09-22,28096.0,NAVER_FDR
2022-09-23,27753.0,NAVER_FDR
2022-09-26,27072.0,NAVER_FDR
2022-09-27,27123.0,NAVER_FDR
2022-09-28,26456.0,NAVER_FDR
2022-09-29,26465.0,NAVER_FDR
2022-09-30,26348.0,NAVER_FDR
2022-10-04,26985.0,NAVER_FDR
2022-10-05,26990.0,NAVER_FDR
2022-10-06,27290.0,NAVER_FDR
2022-10-07,27188.0,NAVER_FDR
2022-10-11,26632.0,NAVER_FDR
2022-10-12,26861.0,NAVER_FDR
2022-10-13,26432.0,NAVER_FDR
2022-10-14,27077.0,NAVER_FDR
2022-10-17,27094.0,NAVER_FDR
2022-10-18,27444.0,NAVER_FDR
2022-10-19,27220.0,NAVER_FDR
2022-10-20,26954.0,NAVER_FDR
2022-10-21,27010.0,NAVER_FDR
2022-10-24,27261.0,NAVER_FDR
2022-10-25,27304.0,NAVER_FDR
2022-10-26,27492.0,NAVER_FDR
2022-10-27,27972.0,NAVER_FDR
2022-10-28,27609.0,NAVER_FDR
2022-10-31,28024.0,NAVER_FDR
2022-11-01,28449.0,NAVER_FDR
2022-11-02,28396.0,NAVER_FDR
2022-11-03,28236.0,NAVER_FDR
2022-11-04,28486.0,NAVER_FDR
2022-11-07,28789.0,NAVER_FDR
2022-11-08,29206.0,NAVER_FDR
2022-11-09,29496.0,NAVER_FDR
2022-11-10,29125.0,NAVER_FDR
2022-11-11,30293.0,NAVER_FDR
2022-11-14,30104.0,NAVER_FDR
2022-11-15,30190.0,NAVER_FDR
2022-11-16,30132.0,NAVER_FDR
2022-11-17,29735.0,NAVER_FDR
2022-11-18,29667.0,NAVER_FDR
2022-11-21,29440.0,NAVER_FDR
2022-11-22,29231.0,NAVER_FDR
2022-11-23,29425.0,NAVER_FDR
2022-11-24,29702.0,NAVER_FDR
2022-11-25,29578.0,NAVER_FDR
2022-11-28,29221.0,NAVER_FDR
2022-11-29,29551.0,NAVER_FDR
2022-11-30,29996.0,NAVER_FDR
2022-12-01,30175.0,NAVER_FDR
2022-12-02,29500.0,NAVER_FDR
2022-12-05,29408.0,NAVER_FDR
2022-12-06,29030.0,NAVER_FDR
2022-12-07,28868.0,NAVER_FDR
2022-12-08,28868.0,NAVER_FDR
2022-12-09,29206.0,NAVER_FDR
2022-12-12,29023.0,NAVER_FDR
2022-12-13,29000.0,NAVER_FDR
2022-12-14,29328.0,NAVER_FDR
2022-12-15,28841.0,NAVER_FDR
2022-12-16,28704.0,NAVER_FDR
2022-12-19,28709.0,NAVER_FDR
2022-12-20,28473.0,NAVER_FDR
2022-12-21,28401.0,NAVER_FDR
2022-12-22,28771.0,NAVER_FDR
2022-12-23,28275.0,NAVER_FDR
2022-12-26,28317.0,NAVER_FDR
2022-12-27,28520.0,NAVER_FDR
2022-12-28,28181.0,NAVER_FDR
2022-12-29,27676.0,NAVER_FDR
2023-01-02,27513.0,NAVER_FDR
2023-01-03,27513.0,NAVER_FDR
2023-01-04,28093.0,NAVER_FDR
2023-01-05,28317.0,NAVER_FDR
2023-01-06,28619.0,NAVER_FDR
2023-01-09,29394.0,NAVER_FDR
2023-01-10,29430.0,NAVER_FDR
2023-01-11,29483.0,NAVER_FDR
2023-01-12,29566.0,NAVER_FDR
2023-01-13,29784.0,NAVER_FDR
2023-01-16,30020.0,NAVER_FDR
2023-01-17,29784.0,NAVER_FDR
2023-01-18,29586.0,NAVER_FDR
2023-01-19,29774.0,NAVER_FDR
2023-01-20,29968.0,NAVER_FDR
2023-01-25,30441.0,NAVER_FDR
2023-01-26,30860.0,NAVER_FDR
2023-01-27,31105.0,NAVER_FDR
2023-01-30,30612.0,NAVER_FDR
2023-01-31,30140.0,NAVER_FDR
2023-02-01,30467.0,NAVER_FDR
2023-02-02,30795.0,NAVER_FDR
2023-02-03,30922.0,NAVER_FDR
2023-02-06,30219.0,NAVER_FDR
2023-02-07,30407.0,NAVER_FDR
2023-02-08,30880.0,NAVER_FDR
2023-02-09,30780.0,NAVER_FDR
2023-02-10,30701.0,NAVER_FDR
2023-02-13,30520.0,NAVER_FDR
2023-02-14,30701.0,NAVER_FDR
2023-02-15,30122.0,NAVER_FDR
2023-02-16,30720.0,NAVER_FDR
2023-02-17,30448.0,NAVER_FDR
2023-02-20,30552.0,NAVER_FDR
2023-02-21,30511.0,NAVER_FDR
2023-02-22,29979.0,NAVER_FDR
2023-02-23,30360.0,NAVER_FDR
2023-02-24,30088.0,NAVER_FDR
2023-02-27,29820.0,NAVER_FDR
2023-02-28,29903.0,NAVER_FDR
2023-03-02,29979.0,NAVER_FDR
2023-03-03,30047.0,NAVER_FDR
2023-03-06,30467.0,NAVER_FDR
2023-03-07,30307.0,NAVER_FDR
2023-03-08,29876.0,NAVER_FDR
2023-03-09,29786.0,NAVER_FDR
2023-03-10,29460.0,NAVER_FDR
2023-03-13,29699.0,NAVER_FDR
2023-03-14,29005.0,NAVER_FDR
2023-03-15,29371.0,NAVER_FDR
2023-03-16,29263.0,NAVER_FDR
2023-03-17,29598.0,NAVER_FDR
2023-03-20,29385.0,NAVER_FDR
2023-03-21,29460.0,NAVER_FDR
2023-03-22,29829.0,NAVER_FDR
2023-03-23,29917.0,NAVER_FDR
2023-03-24,29816.0,NAVER_FDR
2023-03-27,29679.0,NAVER_FDR
2023-03-28,30028.0,NAVER_FDR
2023-03-29,30074.0,NAVER_FDR
2023-03-30,30284.0,NAVER_FDR
2023-03-31,30640.0,NAVER_FDR
2023-04-03,30487.0,NAVER_FDR
2023-04-04,30626.0,NAVER_FDR
2023-04-05,30800.0,NAVER_FDR
2023-04-06,30252.0,NAVER_FDR
2023-04-07,30766.0,NAVER_FDR
2023-04-10,31063.0,NAVER_FDR
2023-04-11,31470.0,NAVER_FDR
2023-04-12,31569.0,NAVER_FDR
2023-04-13,31629.0,NAVER_FDR
2023-04-14,31742.0,NAVER_FDR
2023-04-17,31752.0,NAVER_FDR
2023-04-18,31706.0,NAVER_FDR
2023-04-19,31728.0,NAVER_FDR
2023-04-20,31634.0,NAVER_FDR
2023-04-21,31475.0,NAVER_FDR
2023-04-24,31259.0,NAVER_FDR
2023-04-25,30865.0,NAVER_FDR
2023-04-26,30833.0,NAVER_FDR
2023-04-27,30938.0,NAVER_FDR
2023-04-28,31001.0,NAVER_FDR
2023-05-02,31337.0,NAVER_FDR
2023-05-03,31057.0,NAVER_FDR
2023-05-04,30938.0,NAVER_FDR
2023-05-08,31327.0,NAVER_FDR
2023-05-09,31234.0,NAVER_FDR
2023-05-10,31039.0,NAVER_FDR
2023-05-11,30952.0,NAVER_FDR
2023-05-12,30805.0,NAVER_FDR
2023-05-15,30891.0,NAVER_FDR
2023-05-16,30977.0,NAVER_FDR
2023-05-17,31075.0,NAVER_FDR
2023-05-18,31376.0,NAVER_FDR
2023-05-19,31817.0,NAVER_FDR
2023-05-22,32022.0,NAVER_FDR
2023-05-23,32116.0,NAVER_FDR
2023-05-24,31999.0,NAVER_FDR
2023-05-25,31969.0,NAVER_FDR
2023-05-26,32078.0,NAVER_FDR
2023-05-30,32511.0,NAVER_FDR
2023-05-31,32279.0,NAVER_FDR
2023-06-01,32175.0,NAVER_FDR
2023-06-02,32587.0,NAVER_FDR
2023-06-05,32680.0,NAVER_FDR
2023-06-07,32610.0,NAVER_FDR
2023-06-08,32568.0,NAVER_FDR
2023-06-09,32999.0,NAVER_FDR
2023-06-12,32787.0,NAVER_FDR
2023-06-13,32943.0,NAVER_FDR
2023-06-14,32782.0,NAVER_FDR
2023-06-15,32667.0,NAVER_FDR
2023-06-16,32825.0,NAVER_FDR
2023-06-19,32644.0,NAVER_FDR
2023-06-20,32587.0,NAVER_FDR
2023-06-21,32282.0,NAVER_FDR
2023-06-22,32362.0,NAVER_FDR
2023-06-23,32208.0,NAVER_FDR
2023-06-26,32366.0,NAVER_FDR
2023-06-27,32353.0,NAVER_FDR
2023-06-28,32180.0,NAVER_FDR
2023-06-29,32175.0,NAVER_FDR
2023-06-30,32269.0,NAVER_FDR
2023-07-03,32772.0,NAVER_FDR
2023-07-04,32644.0,NAVER_FDR
2023-07-05,32335.0,NAVER_FDR
2023-07-06,32087.0,NAVER_FDR
2023-07-07,31631.0,NAVER_FDR
2023-07-10,31579.0,NAVER_FDR
2023-07-11,32160.0,NAVER_FDR
2023-07-12,32366.0,NAVER_FDR
2023-07-13,32625.0,NAVER_FDR
2023-07-14,33120.0,NAVER_FDR
2023-07-17,32990.0,NAVER_FDR
2023-07-18,32777.0,NAVER_FDR
2023-07-19,32739.0,NAVER_FDR
2023-07-20,32639.0,NAVER_FDR
2023-07-21,32672.0,NAVER_FDR
2023-07-24,32888.0,NAVER_FDR
2023-07-25,32943.0,NAVER_FDR
2023-07-26,32516.0,NAVER_FDR
2023-07-27,32911.0,NAVER_FDR
2023-07-28,32834.0,NAVER_FDR
2023-07-31,32982.0,NAVER_FDR
2023-08-01,33523.0,NAVER_FDR
2023-08-02,32797.0,NAVER_FDR
2023-08-03,32577.0,NAVER_FDR
2023-08-04,32582.0,NAVER_FDR
2023-08-07,32501.0,NAVER_FDR
2023-08-08,32232.0,NAVER_FDR
2023-08-09,32582.0,NAVER_FDR
2023-08-10,32478.0,NAVER_FDR
2023-08-11,32370.0,NAVER_FDR
2023-08-14,32082.0,NAVER_FDR
2023-08-16,31600.0,NAVER_FDR
2023-08-17,31506.0,NAVER_FDR
2023-08-18,31339.0,NAVER_FDR
2023-08-21,31363.0,NAVER_FDR
2023-08-22,31486.0,NAVER_FDR
2023-08-23,31419.0,NAVER_FDR
2023-08-24,31849.0,NAVER_FDR
2023-08-25,31501.0,NAVER_FDR
2023-08-28,31715.0,NAVER_FDR
2023-08-29,31863.0,NAVER_FDR
2023-08-30,31958.0,NAVER_FDR
2023-08-31,31972.0,NAVER_FDR
2023-09-01,32291.0,NAVER_FDR
2023-09-04,32496.0,NAVER_FDR
2023-09-05,32463.0,NAVER_FDR
2023-09-06,32236.0,NAVER_FDR
2023-09-07,32072.0,NAVER_FDR
2023-09-08,32119.0,NAVER_FDR
2023-09-11,32212.0,NAVER_FDR
2023-09-12,32043.0,NAVER_FDR
2023-09-13,32067.0,NAVER_FDR
2023-09-14,32520.0,NAVER_FDR
2023-09-15,32944.0,NAVER_FDR
2023-09-18,32549.0,NAVER_FDR
2023-09-19,32301.0,NAVER_FDR
2023-09-20,32296.0,NAVER_FDR
2023-09-21,31729.0,NAVER_FDR
2023-09-22,31615.0,NAVER_FDR
2023-09-25,31642.0,NAVER_FDR
2023-09-26,31231.0,NAVER_FDR
2023-09-27,31307.0,NAVER_FDR
2023-10-04,30477.0,NAVER_FDR
2023-10-05,30487.0,NAVER_FDR
2023-10-06,30543.0,NAVER_FDR
2023-10-10,30614.0,NAVER_FDR
2023-10-11,31129.0,NAVER_FDR
2023-10-12,31482.0,NAVER_FDR
2023-10-13,31207.0,NAVER_FDR
2023-10-16,30968.0,NAVER_FDR
2023-10-17,31348.0,NAVER_FDR
2023-10-18,31482.0,NAVER_FDR
2023-10-19,30882.0,NAVER_FDR
2023-10-20,30416.0,NAVER_FDR
2023-10-23,30253.0,NAVER_FDR
2023-10-24,30487.0,NAVER_FDR
2023-10-25,30320.0,NAVER_FDR
2023-10-26,29543.0,NAVER_FDR
2023-10-27,29572.0,NAVER_FDR
2023-10-30,29653.0,NAVER_FDR
2023-10-31,29292.0,NAVER_FDR
2023-11-01,29697.0,NAVER_FDR
2023-11-02,30191.0,NAVER_FDR
2023-11-03,30496.0,NAVER_FDR
2023-11-06,31924.0,NAVER_FDR
2023-11-07,31345.0,NAVER_FDR
2023-11-08,31054.0,NAVER_FDR
2023-11-09,31203.0,NAVER_FDR
2023-11-10,31025.0,NAVER_FDR
2023-11-13,31002.0,NAVER_FDR
2023-11-14,31321.0,NAVER_FDR
2023-11-15,32001.0,NAVER_FDR
2023-11-16,31976.0,NAVER_FDR
2023-11-17,31813.0,NAVER_FDR
2023-11-20,32066.0,NAVER_FDR
2023-11-21,32221.0,NAVER_FDR
2023-11-22,32278.0,NAVER_FDR
2023-11-23,32282.0,NAVER_FDR
2023-11-24,32028.0,NAVER_FDR
2023-11-27,31991.0,NAVER_FDR
2023-11-28,32357.0,NAVER_FDR
2023-11-29,32255.0,NAVER_FDR
2023-11-30,32438.0,NAVER_FDR
2023-12-01,32071.0,NAVER_FDR
2023-12-04,32236.0,NAVER_FDR
2023-12-05,31880.0,NAVER_FDR
2023-12-06,31986.0,NAVER_FDR
2023-12-07,31861.0,NAVER_FDR
2023-12-08,32324.0,NAVER_FDR
2023-12-11,32434.0,NAVER_FDR
2023-12-12,32569.0,NAVER_FDR
2023-12-13,32255.0,NAVER_FDR
2023-12-14,32645.0,NAVER_FDR
2023-12-15,32831.0,NAVER_FDR
2023-12-18,32936.0,NAVER_FDR
2023-12-19,32966.0,NAVER_FDR
2023-12-20,33599.0,NAVER_FDR
2023-12-21,33380.0,NAVER_FDR
2023-12-22,33486.0,NAVER_FDR
2023-12-26,33624.0,NAVER_FDR
2023-12-27,33997.0,NAVER_FDR
2023-12-28,34555.0,NAVER_FDR
2024-01-02,34765.0,NAVER_FDR
2024-01-03,33801.0,NAVER_FDR
2024-01-04,33504.0,NAVER_FDR
2024-01-05,33409.0,NAVER_FDR
2024-01-08,33299.0,NAVER_FDR
2024-01-09,33176.0,NAVER_FDR
2024-01-10,32812.0,NAVER_FDR
2024-01-11,32865.0,NAVER_FDR
2024-01-12,32550.0,NAVER_FDR
2024-01-15,32686.0,NAVER_FDR
2024-01-16,32241.0,NAVER_FDR
2024-01-17,31450.0,NAVER_FDR
2024-01-18,31597.0,NAVER_FDR
2024-01-19,32071.0,NAVER_FDR
2024-01-22,32104.0,NAVER_FDR
2024-01-23,32273.0,NAVER_FDR
2024-01-24,32148.0,NAVER_FDR
2024-01-25,32187.0,NAVER_FDR
2024-01-26,32246.0,NAVER_FDR
2024-01-29,32626.0,NAVER_FDR
2024-01-30,32569.0,NAVER_FDR
2024-01-31,32410.0,NAVER_FDR
2024-02-01,32967.0,NAVER_FDR
2024-02-02,34031.0,NAVER_FDR
2024-02-05,33617.0,NAVER_FDR
2024-02-06,33489.0,NAVER_FDR
2024-02-07,33963.0,NAVER_FDR
2024-02-08,34001.0,NAVER_FDR
2024-02-13,34417.0,NAVER_FDR
2024-02-14,33949.0,NAVER_FDR
2024-02-15,33901.0,NAVER_FDR
2024-02-16,34241.0,NAVER_FDR
2024-02-19,34777.0,NAVER_FDR
2024-02-20,34369.0,NAVER_FDR
2024-02-21,34294.0,NAVER_FDR
2024-02-22,34469.0,NAVER_FDR
2024-02-23,34576.0,NAVER_FDR
2024-02-26,34299.0,NAVER_FDR
2024-02-27,34006.0,NAVER_FDR
2024-02-28,34422.0,NAVER_FDR
2024-02-29,34331.0,NAVER_FDR
2024-03-04,34825.0,NAVER_FDR
2024-03-05,34547.0,NAVER_FDR
2024-03-06,34422.0,NAVER_FDR
2024-03-07,34446.0,NAVER_FDR
2024-03-08,34950.0,NAVER_FDR
2024-03-11,34658.0,NAVER_FDR
2024-03-12,34955.0,NAVER_FDR
2024-03-13,35118.0,NAVER_FDR
2024-03-14,35434.0,NAVER_FDR
2024-03-15,34767.0,NAVER_FDR
2024-03-18,34989.0,NAVER_FDR
2024-03-19,34571.0,NAVER_FDR
2024-03-20,35180.0,NAVER_FDR
2024-03-21,36133.0,NAVER_FDR
2024-03-22,36028.0,NAVER_FDR
2024-03-25,35885.0,NAVER_FDR
2024-03-26,36238.0,NAVER_FDR
2024-03-27,36258.0,NAVER_FDR
2024-03-28,36238.0,NAVER_FDR
2024-03-29,36357.0,NAVER_FDR
2024-04-01,36381.0,NAVER_FDR
2024-04-02,36483.0,NAVER_FDR
2024-04-03,35933.0,NAVER_FDR
2024-04-04,36443.0,NAVER_FDR
2024-04-05,36070.0,NAVER_FDR
2024-04-08,36223.0,NAVER_FDR
2024-04-09,35999.0,NAVER_FDR
2024-04-11,35984.0,NAVER_FDR
2024-04-12,35634.0,NAVER_FDR
2024-04-15,35477.0,NAVER_FDR
2024-04-16,34658.0,NAVER_FDR
2024-04-17,34279.0,NAVER_FDR
2024-04-18,34878.0,NAVER_FDR
2024-04-19,34222.0,NAVER_FDR
2024-04-22,34682.0,NAVER_FDR
2024-04-23,34643.0,NAVER_FDR
2024-04-24,35280.0,NAVER_FDR
2024-04-25,34672.0,NAVER_FDR
2024-04-26,35070.0,NAVER_FDR
2024-04-29,35414.0,NAVER_FDR
2024-04-30,35540.0,NAVER_FDR
2024-05-02,35410.0,NAVER_FDR
2024-05-03,35380.0,NAVER_FDR
2024-05-07,36199.0,NAVER_FDR
2024-05-08,36326.0,NAVER_FDR
2024-05-09,35919.0,NAVER_FDR
2024-05-10,36103.0,NAVER_FDR
2024-05-13,36036.0,NAVER_FDR
2024-05-14,36108.0,NAVER_FDR
2024-05-16,36451.0,NAVER_FDR
2024-05-17,36026.0,NAVER_FDR
2024-05-20,36326.0,NAVER_FDR
2024-05-21,36137.0,NAVER_FDR
2024-05-22,36137.0,NAVER_FDR
2024-05-23,36137.0,NAVER_FDR
2024-05-24,35573.0,NAVER_FDR
2024-05-27,36068.0,NAVER_FDR
2024-05-28,36108.0,NAVER_FDR
2024-05-29,35578.0,NAVER_FDR
2024-05-30,34935.0,NAVER_FDR
2024-05-31,34921.0,NAVER_FDR
2024-06-03,35549.0,NAVER_FDR
2024-06-04,35288.0,NAVER_FDR
2024-06-05,35642.0,NAVER_FDR
2024-06-07,36113.0,NAVER_FDR
2024-06-10,35797.0,NAVER_FDR
2024-06-11,35831.0,NAVER_FDR
2024-06-12,36146.0,NAVER_FDR
2024-06-13,36393.0,NAVER_FDR
2024-06-14,36515.0,NAVER_FDR
2024-06-17,36316.0,NAVER_FDR
2024-06-18,36699.0,NAVER_FDR
2024-06-19,37246.0,NAVER_FDR
2024-06-20,37393.0,NAVER_FDR
2024-06-21,37073.0,NAVER_FDR
2024-06-24,36791.0,NAVER_FDR
2024-06-25,36899.0,NAVER_FDR
2024-06-26,37202.0,NAVER_FDR
2024-06-27,37160.0,NAVER_FDR
2024-06-28,37379.0,NAVER_FDR
2024-07-01,37451.0,NAVER_FDR
2024-07-02,37183.0,NAVER_FDR
2024-07-03,37339.0,NAVER_FDR
2024-07-04,37839.0,NAVER_FDR
2024-07-05,38537.0,NAVER_FDR
2024-07-08,38410.0,NAVER_FDR
2024-07-09,38547.0,NAVER_FDR
2024-07-10,38532.0,NAVER_FDR
2024-07-11,38771.0,NAVER_FDR
2024-07-12,38237.0,NAVER_FDR
2024-07-15,38479.0,NAVER_FDR
2024-07-16,38503.0,NAVER_FDR
2024-07-17,38182.0,NAVER_FDR
2024-07-18,37903.0,NAVER_FDR
2024-07-19,37456.0,NAVER_FDR
2024-07-22,37083.0,NAVER_FDR
2024-07-23,37188.0,NAVER_FDR
2024-07-24,36971.0,NAVER_FDR
2024-07-25,36296.0,NAVER_FDR
2024-07-26,36491.0,NAVER_FDR
2024-07-29,36927.0,NAVER_FDR
2024-07-30,36582.0,NAVER_FDR
2024-07-31,37117.0,NAVER_FDR
2024-08-01,37147.0,NAVER_FDR
2024-08-02,35651.0,NAVER_FDR
2024-08-05,32379.0,NAVER_FDR
2024-08-06,33277.0,NAVER_FDR
2024-08-07,34037.0,NAVER_FDR
2024-08-08,33784.0,NAVER_FDR
2024-08-09,34245.0,NAVER_FDR
2024-08-12,34639.0,NAVER_FDR
2024-08-13,34756.0,NAVER_FDR
2024-08-14,35083.0,NAVER_FDR
2024-08-16,35915.0,NAVER_FDR
2024-08-19,35598.0,NAVER_FDR
2024-08-20,35954.0,NAVER_FDR
2024-08-21,35905.0,NAVER_FDR
2024-08-22,35959.0,NAVER_FDR
2024-08-23,35935.0,NAVER_FDR
2024-08-26,35745.0,NAVER_FDR
2024-08-27,35564.0,NAVER_FDR
2024-08-28,35627.0,NAVER_FDR
2024-08-29,35156.0,NAVER_FDR
2024-08-30,35339.0,NAVER_FDR
2024-09-02,35300.0,NAVER_FDR
2024-09-03,35005.0,NAVER_FDR
2024-09-04,33788.0,NAVER_FDR
2024-09-05,33735.0,NAVER_FDR
2024-09-06,33433.0,NAVER_FDR
2024-09-09,33208.0,NAVER_FDR
2024-09-10,33067.0,NAVER_FDR
2024-09-11,32755.0,NAVER_FDR
2024-09-12,33505.0,NAVER_FDR
2024-09-13,33577.0,NAVER_FDR
2024-09-19,33519.0,NAVER_FDR
2024-09-20,33601.0,NAVER_FDR
2024-09-23,33705.0,NAVER_FDR
2024-09-24,34108.0,NAVER_FDR
2024-09-25,33606.0,NAVER_FDR
2024-09-26,34736.0,NAVER_FDR
2024-09-27,34596.0,NAVER_FDR
2024-09-30,33803.0,NAVER_FDR
2024-10-02,33447.0,NAVER_FDR
2024-10-04,33433.0,NAVER_FDR
2024-10-07,33963.0,NAVER_FDR
2024-10-08,33705.0,NAVER_FDR
2024-10-10,33769.0,NAVER_FDR
2024-10-11,33811.0,NAVER_FDR
2024-10-14,34212.0,NAVER_FDR
2024-10-15,34332.0,NAVER_FDR
2024-10-16,34022.0,NAVER_FDR
2024-10-17,34099.0,NAVER_FDR
2024-10-18,33900.0,NAVER_FDR
2024-10-21,33997.0,NAVER_FDR
2024-10-22,33501.0,NAVER_FDR
2024-10-23,33933.0,NAVER_FDR
2024-10-24,33651.0,NAVER_FDR
2024-10-25,33676.0,NAVER_FDR
2024-10-28,33983.0,NAVER_FDR
2024-10-29,34071.0,NAVER_FDR
2024-10-30,33744.0,NAVER_FDR
2024-10-31,33298.0,NAVER_FDR
2024-11-01,33064.0,NAVER_FDR
2024-11-04,33615.0,NAVER_FDR
2024-11-05,33426.0,NAVER_FDR
2024-11-06,33347.0,NAVER_FDR
2024-11-07,33332.0,NAVER_FDR
2024-11-08,33293.0,NAVER_FDR
2024-11-11,32756.0,NAVER_FDR
2024-11-12,32072.0,NAVER_FDR
2024-11-13,31252.0,NAVER_FDR
2024-11-14,31119.0,NAVER_FDR
2024-11-15,31345.0,NAVER_FDR
2024-11-18,32072.0,NAVER_FDR
2024-11-19,32185.0,NAVER_FDR
2024-11-20,32250.0,NAVER_FDR
2024-11-21,32288.0,NAVER_FDR
2024-11-22,32575.0,NAVER_FDR
2024-11-25,32957.0,NAVER_FDR
2024-11-26,32854.0,NAVER_FDR
2024-11-27,32600.0,NAVER_FDR
2024-11-28,32502.0,NAVER_FDR
2024-11-29,31886.0,NAVER_FDR
2024-12-02,31945.0,NAVER_FDR
2024-12-03,32414.0,NAVER_FDR
2024-12-04,31975.0,NAVER_FDR
2024-12-05,31750.0,NAVER_FDR
2024-12-06,31588.0,NAVER_FDR
2024-12-09,30803.0,NAVER_FDR
2024-12-10,31427.0,NAVER_FDR
2024-12-11,31755.0,NAVER_FDR
2024-12-12,32210.0,NAVER_FDR
2024-12-13,32354.0,NAVER_FDR
2024-12-16,32240.0,NAVER_FDR
2024-12-17,31866.0,NAVER_FDR
2024-12-18,32316.0,NAVER_FDR
2024-12-19,31583.0,NAVER_FDR
2024-12-20,31129.0,NAVER_FDR
2024-12-23,31652.0,NAVER_FDR
2024-12-24,31677.0,NAVER_FDR
2024-12-26,31490.0,NAVER_FDR
2024-12-27,31403.0,NAVER_FDR
2024-12-30,31321.0,NAVER_FDR
2025-01-02,31252.0,NAVER_FDR
2025-01-03,31876.0,NAVER_FDR
2025-01-06,32562.0,NAVER_FDR
2025-01-07,32571.0,NAVER_FDR
2025-01-08,32884.0,NAVER_FDR
2025-01-09,32908.0,NAVER_FDR
2025-01-10,32859.0,NAVER_FDR
2025-01-13,32423.0,NAVER_FDR
2025-01-14,32566.0,NAVER_FDR
2025-01-15,32517.0,NAVER_FDR
2025-01-16,32981.0,NAVER_FDR
2025-01-17,32912.0,NAVER_FDR
2025-01-20,32859.0,NAVER_FDR
2025-01-21,32889.0,NAVER_FDR
2025-01-22,33265.0,NAVER_FDR
2025-01-23,32908.0,NAVER_FDR
2025-01-24,33104.0,NAVER_FDR
2025-01-31,32781.0,NAVER_FDR
2025-02-03,31883.0,NAVER_FDR
2025-02-04,32281.0,NAVER_FDR
2025-02-05,32663.0,NAVER_FDR
2025-02-06,32992.0,NAVER_FDR
2025-02-07,32776.0,NAVER_FDR
2025-02-10,32844.0,NAVER_FDR
2025-02-11,33104.0,NAVER_FDR
2025-02-12,33148.0,NAVER_FDR
2025-02-13,33516.0,NAVER_FDR
2025-02-14,33682.0,NAVER_FDR
2025-02-17,33927.0,NAVER_FDR
2025-02-18,34178.0,NAVER_FDR
2025-02-19,34873.0,NAVER_FDR
2025-02-20,34569.0,NAVER_FDR
2025-02-21,34609.0,NAVER_FDR
2025-02-24,34392.0,NAVER_FDR
2025-02-25,34213.0,NAVER_FDR
2025-02-26,34383.0,NAVER_FDR
2025-02-27,34246.0,NAVER_FDR
2025-02-28,33109.0,NAVER_FDR
2025-03-04,33027.0,NAVER_FDR
2025-03-05,33277.0,NAVER_FDR
2025-03-06,33603.0,NAVER_FDR
2025-03-07,33447.0,NAVER_FDR
2025-03-10,33525.0,NAVER_FDR
2025-03-11,33148.0,NAVER_FDR
2025-03-12,33673.0,NAVER_FDR
2025-03-13,33511.0,NAVER_FDR
2025-03-14,33697.0,NAVER_FDR
2025-03-17,34353.0,NAVER_FDR
2025-03-18,34437.0,NAVER_FDR
2025-03-19,34731.0,NAVER_FDR
2025-03-20,34967.0,NAVER_FDR
2025-03-21,35133.0,NAVER_FDR
2025-03-24,35012.0,NAVER_FDR
2025-03-25,34849.0,NAVER_FDR
2025-03-26,35143.0,NAVER_FDR
2025-03-27,34712.0,NAVER_FDR
2025-03-28,34153.0,NAVER_FDR
2025-03-31,33193.0,NAVER_FDR
2025-04-01,33668.0,NAVER_FDR
2025-04-02,33501.0,NAVER_FDR
2025-04-03,33085.0,NAVER_FDR
2025-04-04,32791.0,NAVER_FDR
2025-04-07,30923.0,NAVER_FDR
2025-04-08,30909.0,NAVER_FDR
2025-04-09,30394.0,NAVER_FDR
2025-04-10,32267.0,NAVER_FDR
2025-04-11,32169.0,NAVER_FDR
2025-04-14,32373.0,NAVER_FDR
2025-04-15,32692.0,NAVER_FDR
2025-04-16,32183.0,NAVER_FDR
2025-04-17,32501.0,NAVER_FDR
2025-04-18,32722.0,NAVER_FDR
2025-04-21,32766.0,NAVER_FDR
2025-04-22,32658.0,NAVER_FDR
2025-04-23,33247.0,NAVER_FDR
2025-04-24,33188.0,NAVER_FDR
2025-04-25,33496.0,NAVER_FDR
2025-04-28,33521.0,NAVER_FDR
2025-04-29,33750.0,NAVER_FDR
2025-04-30,33680.0,NAVER_FDR
2025-05-02,33710.0,NAVER_FDR
2025-05-07,33998.0,NAVER_FDR
2025-05-08,34013.0,NAVER_FDR
2025-05-09,34008.0,NAVER_FDR
2025-05-12,34489.0,NAVER_FDR
2025-05-13,34568.0,NAVER_FDR
2025-05-14,35031.0,NAVER_FDR
2025-05-15,34772.0,NAVER_FDR
2025-05-16,34901.0,NAVER_FDR
2025-05-19,34509.0,NAVER_FDR
2025-05-20,34578.0,NAVER_FDR
2025-05-21,34797.0,NAVER_FDR
2025-05-22,34349.0,NAVER_FDR
2025-05-23,34379.0,NAVER_FDR
2025-05-26,34926.0,NAVER_FDR
2025-05-27,35036.0,NAVER_FDR
2025-05-28,35512.0,NAVER_FDR
2025-05-29,36216.0,NAVER_FDR
2025-05-30,35869.0,NAVER_FDR
2025-06-02,35854.0,NAVER_FDR
2025-06-04,36861.0,NAVER_FDR
2025-06-05,37507.0,NAVER_FDR
2025-06-09,38156.0,NAVER_FDR
2025-06-10,38380.0,NAVER_FDR
2025-06-11,38831.0,NAVER_FDR
2025-06-12,38901.0,NAVER_FDR
2025-06-13,38573.0,NAVER_FDR
2025-06-16,39277.0,NAVER_FDR
2025-06-17,39382.0,NAVER_FDR
2025-06-18,39715.0,NAVER_FDR
2025-06-19,39779.0,NAVER_FDR
2025-06-20,40335.0,NAVER_FDR
2025-06-23,40295.0,NAVER_FDR
2025-06-24,41626.0,NAVER_FDR
2025-06-25,41755.0,NAVER_FDR
2025-06-26,41377.0,NAVER_FDR
2025-06-27,41124.0,NAVER_FDR
2025-06-30,41387.0,NAVER_FDR
2025-07-01,41507.0,NAVER_FDR
2025-07-02,41347.0,NAVER_FDR
2025-07-03,41988.0,NAVER_FDR
2025-07-04,41179.0,NAVER_FDR
2025-07-07,41244.0,NAVER_FDR
2025-07-08,42008.0,NAVER_FDR
2025-07-09,42131.0,NAVER_FDR
2025-07-10,42678.0,NAVER_FDR
2025-07-11,42703.0,NAVER_FDR
2025-07-14,43099.0,NAVER_FDR
2025-07-15,43382.0,NAVER_FDR
2025-07-16,42975.0,NAVER_FDR
2025-07-17,43059.0,NAVER_FDR
2025-07-18,43014.0,NAVER_FDR
2025-07-21,43362.0,NAVER_FDR
2025-07-22,42767.0,NAVER_FDR
2025-07-23,42920.0,NAVER_FDR
2025-07-24,42876.0,NAVER_FDR
2025-07-25,42985.0,NAVER_FDR
2025-07-28,43209.0,NAVER_FDR
2025-07-29,43502.0,NAVER_FDR
2025-07-30,43875.0,NAVER_FDR
2025-07-31,43770.0,NAVER_FDR
2025-08-01,41992.0,NAVER_FDR
2025-08-04,42476.0,NAVER_FDR
2025-08-05,43053.0,NAVER_FDR
2025-08-06,43028.0,NAVER_FDR
2025-08-07,43397.0,NAVER_FDR
2025-08-08,43293.0,NAVER_FDR
2025-08-11,43302.0,NAVER_FDR
2025-08-12,43163.0,NAVER_FDR
2025-08-13,43607.0,NAVER_FDR
2025-08-14,43567.0,NAVER_FDR
2025-08-18,42908.0,NAVER_FDR
2025-08-19,42605.0,NAVER_FDR
2025-08-20,42351.0,NAVER_FDR
2025-08-21,42456.0,NAVER_FDR
2025-08-22,42809.0,NAVER_FDR
2025-08-25,43332.0,NAVER_FDR
2025-08-26,42923.0,NAVER_FDR
2025-08-27,42993.0,NAVER_FDR
2025-08-28,43213.0,NAVER_FDR
2025-08-29,43048.0,NAVER_FDR
2025-09-01,42326.0,NAVER_FDR
2025-09-02,42775.0,NAVER_FDR
2025-09-03,42988.0,NAVER_FDR
2025-09-04,43148.0,NAVER_FDR
2025-09-05,43322.0,NAVER_FDR
2025-09-08,43492.0,NAVER_FDR
2025-09-09,44085.0,NAVER_FDR
2025-09-10,45011.0,NAVER_FDR
2025-09-11,45306.0,NAVER_FDR
2025-09-12,46222.0,NAVER_FDR
2025-09-15,46497.0,NAVER_FDR
2025-09-16,47254.0,NAVER_FDR
2025-09-17,46675.0,NAVER_FDR
2025-09-18,47493.0,NAVER_FDR
2025-09-19,47319.0,NAVER_FDR
2025-09-22,47782.0,NAVER_FDR
2025-09-23,48166.0,NAVER_FDR
2025-09-24,48016.0,NAVER_FDR
2025-09-25,48031.0,NAVER_FDR
2025-09-26,46880.0,NAVER_FDR
2025-09-29,47597.0,NAVER_FDR
2025-09-30,47468.0,NAVER_FDR
2025-10-01,47966.0,NAVER_FDR
2025-10-02,49397.0,NAVER_FDR
2025-10-10,50651.0,NAVER_FDR
2025-10-13,50189.0,NAVER_FDR
2025-10-14,49680.0,NAVER_FDR
2025-10-15,51060.0,NAVER_FDR
2025-10-16,52400.0,NAVER_FDR
2025-10-17,52550.0,NAVER_FDR
2025-10-20,53511.0,NAVER_FDR
2025-10-21,53626.0,NAVER_FDR
2025-10-22,54234.0,NAVER_FDR
2025-10-23,53661.0,NAVER_FDR
2025-10-24,55062.0,NAVER_FDR
2025-10-27,56576.0,NAVER_FDR
2025-10-28,56013.0,NAVER_FDR
2025-10-29,57184.0,NAVER_FDR
2025-10-30,57384.0,NAVER_FDR
2025-10-31,58083.0,NAVER_FDR
2025-11-03,59867.0,NAVER_FDR
2025-11-04,58218.0,NAVER_FDR
2025-11-05,56605.0,NAVER_FDR
2025-11-06,56915.0,NAVER_FDR
2025-11-07,55886.0,NAVER_FDR
2025-11-10,57594.0,NAVER_FDR
2025-11-11,58133.0,NAVER_FDR
2025-11-12,58738.0,NAVER_FDR
2025-11-13,59007.0,NAVER_FDR
2025-11-14,56450.0,NAVER_FDR
2025-11-17,57654.0,NAVER_FDR
2025-11-18,55741.0,NAVER_FDR
2025-11-19,55351.0,NAVER_FDR
2025-11-20,56540.0,NAVER_FDR
2025-11-21,54168.0,NAVER_FDR
2025-11-24,54153.0,NAVER_FDR
2025-11-25,54547.0,NAVER_FDR
2025-11-26,56021.0,NAVER_FDR
2025-11-27,56415.0,NAVER_FDR
2025-11-28,55591.0,NAVER_FDR
2025-12-01,55516.0,NAVER_FDR
2025-12-02,56615.0,NAVER_FDR
2025-12-03,57234.0,NAVER_FDR
2025-12-04,57089.0,NAVER_FDR
2025-12-05,58178.0,NAVER_FDR
2025-12-08,58958.0,NAVER_FDR
2025-12-09,58643.0,NAVER_FDR
2025-12-10,58618.0,NAVER_FDR
2025-12-11,58138.0,NAVER_FDR
2025-12-12,58933.0,NAVER_FDR
2025-12-15,57594.0,NAVER_FDR
2025-12-16,56340.0,NAVER_FDR
2025-12-17,57429.0,NAVER_FDR
2025-12-18,56760.0,NAVER_FDR
2025-12-19,57060.0,NAVER_FDR
2025-12-22,58363.0,NAVER_FDR
2025-12-23,58533.0,NAVER_FDR
2025-12-24,58548.0,NAVER_FDR
2025-12-26,59047.0,NAVER_FDR
2025-12-29,60656.0,NAVER_FDR
2025-12-30,60831.0,NAVER_FDR
2026-01-02,62594.0,NAVER_FDR
2026-01-05,64971.0,NAVER_FDR
2026-01-06,66140.0,NAVER_FDR
2026-01-07,66649.0,NAVER_FDR
2026-01-08,66550.0,NAVER_FDR
2026-01-09,67109.0,NAVER_FDR
2026-01-12,67538.0,NAVER_FDR
2026-01-13,68393.0,NAVER_FDR
2026-01-14,68767.0,NAVER_FDR
2026-01-15,69941.0,NAVER_FDR
2026-01-16,70680.0,NAVER_FDR
2026-01-19,71704.0,NAVER_FDR
2026-01-20,71115.0,NAVER_FDR
2026-01-21,71679.0,NAVER_FDR
2026-01-22,72453.0,NAVER_FDR
2026-01-23,72948.0,NAVER_FDR
2026-01-26,72229.0,NAVER_FDR
2026-01-27,74696.0,NAVER_FDR
2026-01-28,76095.0,NAVER_FDR
2026-01-29,77035.0,NAVER_FDR
2026-01-30,77305.0,NAVER_FDR
2026-02-02,72700.0,NAVER_FDR
2026-02-03,78290.0,NAVER_FDR
2026-02-04,79385.0,NAVER_FDR
2026-02-05,76010.0,NAVER_FDR
2026-02-06,75195.0,NAVER_FDR
2026-02-09,78340.0,NAVER_FDR
2026-02-10,78435.0,NAVER_FDR
2026-02-11,79115.0,NAVER_FDR
2026-02-12,81975.0,NAVER_FDR
2026-02-13,81860.0,NAVER_FDR
2026-02-19,84390.0,NAVER_FDR
2026-02-20,86300.0,NAVER_FDR
2026-02-23,86940.0,NAVER_FDR
2026-02-24,89085.0,NAVER_FDR
2026-02-25,90890.0,NAVER_FDR
2026-02-26,95025.0,NAVER_FDR
2026-02-27,94120.0,NAVER_FDR
2026-03-03,86705.0,NAVER_FDR
2026-03-04,75900.0,NAVER_FDR
2026-03-05,83570.0,NAVER_FDR
2026-03-06,83560.0,FinanceDataReader
2026-03-09,78230.0,FinanceDataReader
2026-03-10,82900.0,FinanceDataReader
2026-03-11,83825.0,FinanceDataReader
2026-03-12,83200.0,FinanceDataReader
2026-03-13,81540.0,FinanceDataReader
2026-03-16,82985.0,FinanceDataReader
2026-03-17,84635.0,FinanceDataReader
2026-03-18,89370.0,FinanceDataReader
2026-03-19,86750.0,FinanceDataReader
2026-03-20,86660.0,FinanceDataReader
2026-03-23,81025.0,FinanceDataReader
2026-03-24,83505.0,FinanceDataReader
2026-03-25,84510.0,FinanceDataReader
2026-03-26,81600.0,FinanceDataReader
2026-03-27,81225.0,FinanceDataReader
2026-03-30,78680.0,FinanceDataReader
2026-03-31,75430.0,FinanceDataReader
2026-04-01,82170.0,FinanceDataReader
2026-04-02,78190.0,FinanceDataReader
2026-04-03,80575.0,FinanceDataReader
2026-04-06,81750.0,FinanceDataReader
2026-04-07,82770.0,FinanceDataReader
2026-04-08,89000.0,FinanceDataReader
2026-04-09,87250.0,FinanceDataReader
2026-04-10,88655.0,FinanceDataReader
2026-04-13,87880.0,FinanceDataReader
2026-04-14,90430.0,FinanceDataReader
2026-04-15,92665.0,FinanceDataReader
2026-04-16,94710.0,FinanceDataReader
2026-04-17,94050.0,FinanceDataReader
2026-04-20,93893.0,FinanceDataReader
2026-04-21,96297.0,FinanceDataReader
2026-04-22,96675.0,FinanceDataReader
2026-04-23,97723.0,FinanceDataReader
2026-04-24,97370.0,FinanceDataReader
2026-04-27,99596.0,FinanceDataReader
2026-04-28,100053.0,FinanceDataReader
2026-04-29,100842.0,FinanceDataReader
2026-04-30,99704.0,FinanceDataReader
2026-05-04,105083.0,FinanceDataReader
2026-05-06,113042.0,FinanceDataReader
2026-05-07,115387.0,FinanceDataReader
2026-05-08,115577.0,FinanceDataReader
2026-05-11,121560.0,FinanceDataReader
2026-05-12,118860.0,FinanceDataReader
2026-05-13,122408.0,FinanceDataReader
2026-05-14,124604.0,FinanceDataReader
2026-05-15,116964.0,FinanceDataReader
2026-05-18,117603.0,FinanceDataReader
2026-05-19,114085.0,FinanceDataReader
2026-05-20,113112.0,FinanceDataReader
2026-05-21,122812.0,FinanceDataReader
2026-05-22,123102.0,FinanceDataReader
2026-05-26,126500.0,FinanceDataReader
2026-05-27,130337.0,FinanceDataReader
2026-05-28,129728.0,FinanceDataReader
2026-05-29,134544.0,FinanceDataReader
2026-06-01,141110.0,FinanceDataReader
2026-06-02,141290.0,FinanceDataReader
2026-06-04,138451.0,FinanceDataReader
2026-06-05,130766.0,FinanceDataReader
2026-06-08,119319.0,FinanceDataReader
2026-06-09,129868.0,FinanceDataReader
2026-06-10,123546.0,FinanceDataReader
2026-06-11,123601.0,FinanceDataReader
2026-06-12,129010.0,FinanceDataReader
2026-06-15,136016.0,FinanceDataReader
2026-06-16,139269.0,FinanceDataReader
2026-06-17,141769.0,FinanceDataReader
2026-06-18,146649.0,FinanceDataReader
2026-06-19,146614.0,FinanceDataReader
2026-06-22,148056.0,FinanceDataReader
2026-06-23,132553.0,FinanceDataReader
2026-06-24,137867.0,FinanceDataReader
2026-06-25,145537.0,FinanceDataReader
2026-06-26,137104.0,FinanceDataReader
2026-06-29,136140.0,FinanceDataReader
2026-06-30,138301.0,FinanceDataReader
2026-07-01,134254.0,FinanceDataReader
2026-07-02,123281.0,FinanceDataReader
2026-07-03,130746.0,FinanceDataReader
2026-07-06,129863.0,FinanceDataReader
2026-07-07,123461.0,FinanceDataReader
2026-07-08,116630.0,FinanceDataReader
2026-07-09,117463.0,FinanceDataReader
2026-07-10,120362.0,FinanceDataReader
2026-07-13,108601.0,FinanceDataReader
2026-07-14,109499.0,FinanceDataReader
2026-07-15,116500.0,FinanceDataReader
2026-07-16,108781.0,FinanceDataReader
2026-07-20,103885.0,FinanceDataReader
2026-07-21,107922.0,FinanceDataReader
2026-07-22,108097.0,FinanceDataReader
2026-07-23,113002.0,FinanceDataReader
2026-07-24,106151.0,FinanceDataReader
2026-07-27,107513.0,FinanceDataReader
2026-07-28,95482.0,FinanceDataReader
2026-07-29,89425.0,FinanceDataReader
2026-07-30,87635.0,FinanceDataReader
2026-07-31,108820.0,FinanceDataReader
2026-08-03,99105.0,FinanceDataReader
2026-08-04,100330.0,FinanceDataReader
2026-08-05,104300.0,FinanceDataReader
2026-08-06,98900.0,FinanceDataReader
2026-08-07,98090.0,FinanceDataReader
2026-08-10,98265.0,FinanceDataReader
2026-08-11,99265.0,FinanceDataReader
2026-08-12,103250.0,FinanceDataReader
2026-08-13,107270.0,FinanceDataReader
2026-08-14,110060.0,FinanceDataReader
2026-08-18,108550.0,FinanceDataReader
2026-08-19,101760.0,FinanceDataReader
2026-08-20,108190.0,FinanceDataReader
2026-08-21,109980.0,FinanceDataReader
2026-08-24,105995.0,FinanceDataReader
2026-08-25,106795.0,FinanceDataReader
2026-08-26,107710.0,FinanceDataReader
2026-08-27,109135.0,FinanceDataReader
2026-08-28,107180.0,FinanceDataReader
2026-08-31,107615.0,FinanceDataReader
2026-09-01,107885.0,FinanceDataReader
2026-09-02,103500.0,FinanceDataReader
2026-09-03,103610.0,FinanceDataReader
2026-09-04,105720.0,FinanceDataReader
