bas_dd,isu_cd,idx_ind_nm
20260904,451060,코스피 200
20260904,0184E0,코스피 200 단기국공채 혼합지수
20260904,491610,KIS 하나 CD금리 총수익지수
20260904,0182R0,NICE K반도체 TOP2 MAX+ 지수
20260904,0182S0,KEDI K반도체TOP2채권혼합 지수
20260904,0103T0,iSelect K소버린AI 지수
20260904,0198D0,KRX SK하이닉스 선물 지수
20260904,463290,MK 머니마켓 지수(총수익)
20260904,0131W0,KIS 단기특수은행채 지수(총수익)
20260904,479080,KIS-하나 MMF 지수(총수익)
20260904,0026S0,S&P 500
20260904,0052S0,S&P 500 and Short-Term Treasury 50/50 Blend Index
20260904,0069M0,NASDAQ 100
20260904,0111P0,Nasdaq-100 US T-Bills 0-6 Month 50/50 Index
20260904,0083S0,KEDI 미국메디컬AI 지수
20260904,0004G0,Solactive U.S. Dividend TOP 30 Index PR
20260904,0131V0,Akros 미국우주항공테크 지수
20260904,0198B0,KRX 삼성전자 선물 지수
20260904,0094X0,Solactive-KEDI Xiaomi Focus China Tech Index
20260904,0224X0,KEDI 엔비디아알파벳미국채혼합50 지수
20260904,0172V0,Bloomberg Blended Silver Spot USD index
20260904,0017Y0,KIS 종합채권형 지수(AA-이상)(총수익)
20260904,0052T0,KEDI 중단기크레딧플러스채권(AAA~A-)지수(총수익)
20260904,495330,코리아 밸류업 지수
20260904,0186S0,코스닥 150 단기국공채 혼합지수
20260904,492500,KIS 하나 현대차그룹채권(A+이상)&국고통안 총수익지수
20260904,0206G0,KEDI 현대차&기아채권혼합50지수
20260904,473440,KIS 11월 만기자동연장회사채(AA-이상) 총수익지수
20260904,105190,코스피 200
20260904,332500,코스피 200 TR
20260904,475260,KAP 2월 만기자동연장회사채(AA-이상) 총수익지수
20260904,385600,FnGuide 친환경 자동차 밸류체인 지수
20260904,475270,KIS 5월 만기자동연장회사채(AA-이상) 총수익지수
20260904,475280,KAP 8월 만기자동연장회사채(AA-이상) 총수익지수
20260904,469150,FnGuide AI반도체 TOP3+ 지수
20260904,0079X0,Bloomberg BYD Plus Top Supply Chain Select Price Return Index
20260904,385590,MSCI Korea Country ESG Leaders Custom Capped Price return Index
20260904,226380,FnGuide 성장소비주도 지수
20260904,475050,iSelect K-POP 포커스지수(시장가격)
20260904,411060,KRX 금현물지수
20260904,0221Z0,KRX K-AI 바이오테크 코스닥 지수
20260904,0210A0,KRX K-AI 반도체TOP2+ 지수
20260904,0216Z0,KRX K-AI 방산TOP5+ 지수
20260904,0172Y0,iSelect K수출핵심산업 지수 (시장가격)
20260904,0177X0,Akros K-휴머노이드 로봇 TOP2+ 지수 (시장가격)
20260904,291130,MSCI MEXICO IMI 25/50 Price return Index
20260904,256440,MSCI Indonesia Index
20260904,261920,MSCI Philippines IMI Index
20260904,0194T0,KRX SK하이닉스 지수
20260904,0139P0,KRX-Akros 고배당주 20 지수
20260904,0199C0,KRX-Akros 고배당주 20 위클리 고정 30% 커버드콜 지수
20260904,225130,S&P GSCI GOLD Index Excess Return
20260904,483340,KEDI 글로벌 AI 클라우드 지수
20260904,365780,KIS 10년 국고채 지수 (총수익)
20260904,114460,KTB INDEX(시장가격)
20260904,494340,Solactive AI Custom Semiconductor Index(PR)
20260904,446770,Solactive Global Semiconductor TOP4 Plus Price Return Index
20260904,435040,Bloomberg Global Select Industry Leaders TOP10 Index(PR)
20260904,497510,Solactive Global Big Pharma Index (Price Return)
20260904,460960,Solactive Global Superior Income TOP 10 Price Return Index
20260904,414270,FactSet US-China Electric&Autonomous Vehicle Price Return Index
20260904,440640,KIS 단기채권알파AA-이상 총수익지수
20260904,190620,KIS MSB 단기지수(총수익)
20260904,494330,FnGuide 기업가치 지수(시장가격)
20260904,265690,MSCI Russia 25% Capped Price Return Index
20260904,152500,코스피 200
20260904,0153P0,FnGuide 맥쿼리인프라 배당 리츠 지수 (시장가격)
20260904,483330,KEDI 글로벌생성형AI 지수
20260904,487340,MK-KAP 머니마켓 총수익지수
20260904,0085P0,ICE U.S. Treasury 7-10 Year Bond Index (Total Return)
20260904,0085N0,ICE U.S. Treasury 7-10 Year Bond Index (Total Return)
20260904,452250,S&P Ultra T-Bond Futures Index(ER)
20260904,476760,Bloomberg U.S Treasury 20+ Year Total Return Index
20260904,453850,Bloomberg U.S Treasury 20+ Year Total Return Index
20260904,476750,Bloomberg U.S. Treasury 20+ Year Total Return Index T1530 JPY Currency Hedged
20260904,480030,Bloomberg US 500 Large Cap Premium Decrement 15% Distribution Index
20260904,0118Z0,Akros U.S. AI Innovator Price Return Index
20260904,280320,다우존스 인터넷 종합지수
20260904,360200,S&P 500
20260904,438080,S&P 500 and Short-Term Treasury 50/50 Blend Index
20260904,0155M0,Solactive US SMR Nuclear TOP 10 Index (Price Return)
20260904,309230,MorningStar Wide Moat Focus Index
20260904,367380,NASDAQ 100
20260904,438100,NASDAQ-100 US T-Bills 50/50 Index
20260904,456880,Solactive SOFR Daily Total Return Index
20260904,440650,Bloomberg Short-Term Treasury Total Return Index
20260904,0127M0,CRSP US Large Cap Value Index(PR)
20260904,0127P0,CRSP US Large Cap Growth Index(PR)
20260904,480040,Bloomberg US Listed Semiconductor Premium Decrement 15% Distribution Index
20260904,402970,Dow Jones U.S. Dividend 100 Price Return Index
20260904,0046Y0,WisdomTree U.S. Quality Dividend Growth Index (Price Return)
20260904,0049M0,Bloomberg WisdomTree U.S. Quality Dividend & B500 Premium Decrement 50:50 Index
20260904,0049K0,Bloomberg WisdomTree U.S. Quality Dividend & Short Term KRW Bonds 50:50 TR Index
20260904,181480,Dow Jones U.S. Real Estate Index
20260904,480020,Bloomberg US Big Tech Top 7 Plus Premium Decrement 15% Distribution Index
20260904,465580,Solactive US Big Tech Top 7 Plus Price Return Index
20260904,465610,Solactive US Big Tech Top 7 Plus Price Return Index
20260904,465620,Solactive US Big Tech Top 7 Plus Price Return Index
20260904,0180V0,FnGuide 미국스페이스테크 지수(시장가격)
20260904,473590,FnGuide 미국 주식 베스트셀러 지수(시장가격지수)
20260904,0008E0,NYSE FactSet US Focus Manufacturing Index(Price Return)
20260904,391600,Indxx US Green Infrastructure Price return Index
20260904,455660,iBoxx USD Liquid High Yield Total Return Index
20260904,0228G0,iSelect 반도체 TOP2+전략산업 지수 (시장가격)
20260904,245710,VN30 Index(PR)
20260904,131890,MKF SAMs EW 지수
20260904,108450,MKF SAMs SW
20260904,0233A0,KAP 삼성전자SK하이닉스플러스채권혼합50지수
20260904,0194M0,KRX 삼성전자 지수
20260904,316300,Morningstar Singapore REIT Yield Focus Index(PR)
20260904,277540,S&P ASIA50 Price Return Index
20260904,483320,KEDI 글로벌AI반도체 지수
20260904,448540,Bloomberg Blended NVIDIA Equity and Korean Bond Index
20260904,0099L0,KIS 1~3년 우량크레딧(AA-이상) 총수익지수
20260904,433500,DeepSearch 원자력 TOP 10지수
20260904,0102X0,NYSE FactSet Europe Defense TOP10 Index (Price Return)
20260904,487920,Indxx India Big 5 Conglomerates Index (Price Return)
20260904,487910,Indxx India Super Consumption Index (Price Return)
20260904,145670,코스피 200 선물지수
20260904,497520,Solactive Eli Lilly Value Chain Index(PR)
20260904,238720,Nikkei 225
20260904,196030,TOPIX
20260904,205720,TOPIX
20260904,469160,Bloomberg Japan Semiconductor Select Top 25 Index(Price Return)
20260904,356540,KIS 종합채권 AA-이상 총수익 지수(Total return Index)
20260904,447430,FnGuide 올라운드 가치주 지수
20260904,416090,STAR 50 Index(Price Return)
20260904,168580,CSI 300 Index
20260904,219900,CSI 300 Index
20260904,272910,KIS 종합채권국공채1-10Y지수
20260904,0087F0,Solactive China AI Big Tech TOP2+ Index (Price Return)
20260904,371870,Hang Seng TECH Index
20260904,0209Z0,Akros 코리아 AI전력 TOP 10 지수 (시장가격)
20260904,380340,FnGuide 코리아AI테크핵심산업지수 (Price Return)
20260904,496120,코리아 밸류업 지수
20260904,354500,코스닥 150
20260904,305050,코스피
20260904,457480,Bloomberg EV Supporters Plus Tesla Price Return Index
20260904,469170,FnGuide 포스코그룹포커스 지수(시장가격)
20260904,0193M0,KAP 27-12 특수채 총수익 지수(AAA이상)
20260904,466810,iSelect 2차전지양극재 지수
20260904,457930,iSelect 미래전략기술 지수 (PR)
20260904,0218K0,FnGuide 스마트카 지수
20260904,487750,FnGuide 온디바이스AI 지수
20260904,445690,FnGuide 주주가치 지수
20260904,0120J0,FnGuide 카카오그룹 포커스 지수
20260904,486240,FnGuide AI반도체&인프라 지수
20260904,434960,코스피 200
20260904,0189Z0,KRX-Akros 금융 & 지주 고배당 지수
20260904,0174J0,KRX 프라임 오피스 리츠 지수
20260904,0220B0,코스닥
20260904,0098Z0,코스피 200
20260904,0176P0,AI 반도체 위클리 고정 30% 커버드콜 지수
20260904,448570,코스피
20260904,285690,KRX ESG Leaders 150
20260904,0226D0,KAP 금융반도체지주채권혼합50지수
20260904,0073X0,KEDI 알리바바미국채커버드콜혼합지수(TR)
20260904,293180,코스피 200
20260904,407310,코스피 200 Top 10 지수
20260904,332930,코스피 200 TR
20260904,304780,코스피 200 선물지수
20260904,306520,코스피 200 선물지수
20260904,0123S0,KIS 은행채2612만기형 지수
20260904,0091M0,KIS 회사채(AA-이상)2706만기형지수(총수익)
20260904,448490,KAP 32-10 국고채 10년 총수익지수
20260904,454320,iSelect CAPEX 설비투자 지수(시장가격)
20260904,395290,FnGuide K-POP & 미디어 지수
20260904,395280,FnGuide K-게임 지수
20260904,368190,FnGuide K-뉴딜 디지털 플러스 지수
20260904,402460,FnGuide K-메타버스 MZ 지수(시장가격)
20260904,395270,FnGuide K-반도체 지수
20260904,438900,FnGuide K-푸드 지수 (시장가격)
20260904,367740,FnGuide 5G 산업 지수
20260904,407300,FnGuide 골프 테마 지수
20260904,381560,FnGuide 전기&수소차 지수 (시장가격)
20260904,441540,FnGuide 조선해운지수
20260904,381570,FnGuide 친환경에너지 지수 (시장가격)
20260904,479850,FnGuide K-뷰티 지수
20260904,453060,KOFR 지수
20260904,304760,KRX 300
20260904,322410,FnGuide 고배당 알파 지수
20260904,0155N0,iSelect K휴머노이드테마TOP10 지수
20260904,332940,MSCI Korea TR Index
20260904,322400,FnGuide E커머스 지수
20260904,473640,NYSE Arca Gold Miners Index (Price Return)
20260904,354350,S&P Global Luxury Index
20260904,461340,Solactive United States Technology 100 Index(Price Return)
20260904,401590,ICE Global Carbon Futures Index(Excess Return)
20260904,0040S0,Solactive Physical AI Index
20260904,314700,FnGuide 농업융복합산업 지수(시장가격)
20260904,486830,KIS-NH Amundi MMF지수
20260904,0215T0,Indxx US AI Optical Communication TOP10 Index(PR)
20260904,0181B0,Solactive US AI Memory Semiconductor Top4+ Index
20260904,432840,S&P 500
20260904,0219Z0,S&P 500
20260904,498050,iSelect K-바이오헬스케어
20260904,476260,FnGuide 반도체 핵심공정 지수
20260904,434730,iSelect 원자력지수 (시장가격)
20260904,0082F0,Stoxx 유럽 방산 지수
20260904,491820,iSelect 전력설비투자 지수
20260904,461500,KAP 종합채권 총수익지수(AA-이상)
20260904,0191W0,KIS 중기종합채권시장 A-이상 총수익지수
20260904,0111J0,FnGuide 증권 고배당 TOP3 플러스 지수
20260904,495750,코리아 밸류업 지수
20260904,304770,코스닥 150
20260904,306530,F-코스닥150 지수
20260904,375760,KRX/S&P 탄소효율 그린뉴딜지수
20260904,491700,코스피 200
20260904,0000Y0,KAP 26-12 크레딧 채권 총수익지수(AA-이상)
20260904,215620,S&P Korea 저변동성 지수
20260904,0113P0,KAP 머니마켓 지수(총수익)
20260904,391670,코스피 200
20260904,472920,KAP 종합채권 AA- 이상 지수(총수익)
20260904,472840,코스피 200
20260904,0005G0,FnGuide K-AI반도체 코어테크 지수
20260904,0178H0,FnGuide 미국AI TOP10국채혼합 지수
20260904,0135Y0,"KIS 중기종합채권 (1~5Y, AA-이상, 총수익)"
20260904,0221V0,KIS 단기자금 총수익지수
20260904,0191S0,코스닥 150
20260904,0208N0,코스피
20260904,483570,S&P500 Top10 25% Capped Index(PR)
20260904,069660,코스피 200
20260904,294400,코스피 200 TR
20260904,253250,코스피 200 선물지수
20260904,253240,코스피 200 선물지수
20260904,253230,코스피 200 선물지수
20260904,464240,KIS 2609 만기형 크레딧 종합채권 지수(AA-이상)(총수익지수)
20260904,458210,FnGuide CD91일 금리투자 지수(총수익)
20260904,488200,Solactive K-Battery North America Supply Chain 지수
20260904,488210,Solactive K-Semiconductor North America Supply Chain 지수
20260904,100910,KRX 100
20260904,0194R0,KRX SK하이닉스 선물 지수
20260904,435530,Dow Jones Target 2030 Index (Total Return)
20260904,435540,Dow Jones Target 2040 Index (Total Return)
20260904,435550,Dow Jones Target 2050 Index (Total Return)
20260904,148070,KIS 10년 국고채 지수 (총수익)
20260904,167860,KIS 10년 국고채 지수 (총수익)
20260904,471460,KIS-키움 국고채30년 지수(총수익지수)
20260904,114470,KTB INDEX(시장가격)
20260904,473490,Solactive Global AI Semiconductor Index (Price Return)
20260904,489860,NASDAQ OMX Clean Edge Smart Grid Infrastructure Index
20260904,130730,MK 머니마켓 지수(총수익)
20260904,419890,KIS ESG 9M~1.5Y
20260904,411860,DAX Index(PR)
20260904,476450,KIS-키움 MMF지수(총수익지수)
20260904,430500,KIS TIPS 지수(총수익)
20260904,0190M0,Akros 미국AI&프론티어테크 하이베타 지수
20260904,0224D0,iSelect 미국CPU반도체TOP4 지수
20260904,449770,S&P 500
20260904,0127V0,S&P500 TOP10 생애배당다우존스 2040 지수
20260904,0137W0,S&P500 & S&P GSCI 금현물 90/10 혼합지수
20260904,0127T0,S&P500 생애배당다우존스 2040 지수
20260904,449780,S&P 500
20260904,0137V0,S&P500 모멘텀 지수
20260904,0107F0,Akros 미국AI테크TOP10&미국고배당3070 지수
20260904,453080,NASDAQ 100
20260904,460270,Solactive SOFR Daily Total Return Index
20260904,138230,미국달러선물지수
20260904,225800,미국달러선물지수
20260904,139660,미국달러선물지수
20260904,230480,미국달러선물지수
20260904,0084E0,Akros 미국대형주500 월간방어적배분 지수(TR)
20260904,373790,Nasdaq US Low Volatility Dividend Achievers Index
20260904,483030,Solactive Blockbuster Biotech Drugs Index(PR)
20260904,459790,MSCI USA Index(Price Return)
20260904,0174R0,미국성장다우존스 지수
20260904,498270,Solactive U.S. Quantum Computing Index(PR)
20260904,0207Z0,iSelect 미국 우주데이터센터인프라 지수
20260904,0216K0,Akros 미국 우주 Top 2 채권혼합 지수
20260904,474800,MSCI US IMI Energy 25/50 Index(Price Return)
20260904,0084D0,Akros 미국테크100 월간방어적배분 지수(TR)
20260904,104520,MKF 블루칩
20260904,0234N0,Akros 삼성SK그룹 TOP4+ 지수
20260904,0183V0,FnGuide 삼성전자 & SK하이닉스 채권혼합 지수
20260904,0194N0,KRX 삼성전자 선물 지수
20260904,0015E0,Bloomberg Blended NVIDIA and US Long Treasury Bond Index
20260904,483020,FnGuide 의료AI 지수
20260904,200250,Nifty 50 Index
20260904,454780,KIS 종합 채권시장지수(AA-이상)(총수익지수)
20260904,454180,CSI SH-HK-SZ Consumer Top Index
20260904,104530,MKF 웰스 고배당20
20260904,496090,코리아 밸류업 지수
20260904,469790,Solactive K-TechTOP10 Index(PR)
20260904,316670,코스닥 150
20260904,291630,F-코스닥150 지수
20260904,291620,F-코스닥150 지수
20260904,0198A0,코스닥 150 위클리 고정 30% 커버드콜 지수
20260904,153270,코스피 100
20260904,122260,MK 통안채지수(총수익)
20260904,0015F0,Bloomberg Blended PALANTIR and US Long Treasury Bond Index
20260904,0097L0,Akros 미국AI테크TOP10&한국고배당3070 지수
20260904,0220A0,FnGuide 현대차그룹TOP3 채권혼합 지수
20260904,069500,코스피 200
20260904,226980,코스피 200 중소형주지수
20260904,337160,코스피 200 ESG 지수
20260904,363580,코스피200 정보기술 TR
20260904,278530,코스피 200 TR
20260904,337150,코스피 200 초대형제외 지수
20260904,223190,코스피 200 가치저변동성
20260904,252650,코스피 200 동일가중지수
20260904,360140,코스피200 롱 100% 코스닥150 숏 100% 선물지수
20260904,284430,코스피 200 미국채 혼합지수
20260904,252670,코스피 200 선물지수
20260904,494890,코스피 200
20260904,0219E0,코스피 200 커버드콜 5% OTM
20260904,498400,코스피 200 타겟 15% 위클리 커버드콜 지수
20260904,0117L0,KAP 26-12 금융채 총수익 지수(AA-이상)
20260904,473290,KAP 26-12 회사채 총수익 지수(AA-이상)
20260904,0007F0,KAP 27-12 회사채 총수익 지수(AA-이상)
20260904,0119H0,KAP 28-12 회사채 총수익 지수(AA- 이상)
20260904,305720,FnGuide 2차전지 산업 지수
20260904,462330,FnGuide 2차전지 산업 지수
20260904,461950,FnGuide 2차전지핵심소재10 지수
20260904,457690,KAP 33-06 국고채 총수익 지수
20260904,271060,S&P GSCI Grains Select Index ER
20260904,457700,KAP 53-09 국고채 총수익 지수
20260904,395160,FnGuide AI반도체 TOP2+ 지수
20260904,471990,iSelect AI 반도체핵심장비 지수
20260904,487240,iSelect AI 전력핵심설비 지수(Price Return)
20260904,481050,KAP 1년은행 CD+추가금리 지수(총수익지수)
20260904,459580,KAP 양도성예금증서(CD)금리지수(총수익지수)
20260904,439860,"KAP ESG 종합채권지수(A- 이상, 총수익)"
20260904,266370,KRX 정보기술
20260904,368680,FnGuide K-뉴딜 디지털 플러스 지수
20260904,423160,KOFR 지수
20260904,292190,KRX 300
20260904,306950,KRX 300
20260904,229720,KTOP 30
20260904,266360,KRX K콘텐츠
20260904,291890,iEdge Emerging Markets Futures Index(ER)
20260904,289040,MSCI Korea ESG Universal Capped Index
20260904,156080,MSCI Korea Index
20260904,278540,MSCI Korea TR Index
20260904,251350,MSCI World
20260904,269420,S&P Global Infrastructure Index
20260904,0193T0,KRX SK하이닉스 지수
20260904,433970,Samsung Korea Target Date 2030 Index (Price Return)
20260904,433980,Samsung Korea Target Date 2040 Index (Price Return)
20260904,434060,Samsung Korea Target Date 2050 Index (Price Return)
20260904,0082V0,Samsung Korea Target Date 2060 Index
20260904,329650,FnGuide TRF 3070 지수
20260904,329660,FnGuide TRF 5050 지수
20260904,329670,FnGuide TRF 7030 지수
20260904,395170,FnGuide TOP10 동일가중 지수
20260904,315930,FnGuide TOP 5 Plus Total Return 지수
20260904,261220,S&P GSCI Crude Oil Index ER
20260904,271050,S&P GSCI Crude Oil Index ER
20260904,468370,ICE U.S. Treasury Inflation Linked Bond Index(Total Return)
20260904,468630,iBoxx USD Liquid Investment Grade Index(Total Return)
20260904,468380,ICE BofAML US HY Constrained Index(Total Return)
20260904,275290,MSCI Korea IMI Enhanced Value Capped
20260904,117700,KRX 건설
20260904,300950,FnGuide 게임 산업 지수
20260904,266390,KRX 경기소비재
20260904,279530,FnGuide 고배당 Plus 지수
20260904,132030,S&P GSCI Gold Index(TR)
20260904,280940,S&P GSCI GOLD Index Excess Return
20260904,138910,S&P GSCI North American Copper Index(TR)
20260904,471230,KAP 국고채 10년 지수(TR)
20260904,439870,KAP 국고채 30년 총수익 지수
20260904,114260,MKF 국고채지수(총수익)
20260904,152380,10년국채선물지수
20260904,176950,10년국채선물지수
20260904,292770,국채선물지수
20260904,276990,ROBO Global Robotics & Automation UCITS Price Return Index
20260904,476070,iSelect 글로벌 비만치료제TOP2 Plus 지수(PR)
20260904,0064K0,Bloomberg Gold Spot NY 4pm USD Index
20260904,0089D0,코스피 200 금융 고배당 TOP 10 지수
20260904,498410,코스피 200 금융 고배당 TOP 10 타겟 15%분배 위클리 커버드콜 지수
20260904,0162M0,KAP 금융채 1-2년 총수익 지수
20260904,102960,KRX 기계장비
20260904,404260,KRX 기후변화 솔루션지수
20260904,273140,KAP 단기변동금리부은행채권지수
20260904,153130,KRW Cash 지수(총수익)
20260904,214980,KRW Cash PLUS 지수(총수익)
20260904,487950,Dow Jones Taiwan Technology Dividend 30 Index(TWD)(PR)
20260904,122630,코스피 200
20260904,445290,iSelect K-로봇테마 지수
20260904,488770,KAP MMF 지수(TR)
20260904,321410,Morningstar Multi-Asset High Income 10% Capped Index
20260904,337120,FnGuide 멀티팩터 지수
20260904,401470,FnGuide K-메타버스 지수
20260904,244620,FnGuide 모멘텀 Plus 지수
20260904,275280,MSCI Korea IMI Momentum Capped
20260904,308620,S&P 10-Year U.S. Treasury Note Futures KRW(ER)
20260904,0091C0,KAP 미국 국채 10년 지수(총수익)
20260904,484790,KEDI-KAP 미국 국채 20+ 지수(TR)
20260904,304660,S&P Ultra T-Bond Futures Index(ER)
20260904,304670,S&P Ultra T-Bond Futures Index(ER)
20260904,481060,Bloomberg U.S.Treasury 20+ Year(TLT)+ 12% Premium Covered Call index(TR)
20260904,0173Y0,Akros 미국 AI 광통신 및 네트워크 인프라 지수(PR)
20260904,0151S0,Akros 미국 AI 반도체 Top 3 플러스 지수 (Price Return)
20260904,0041D0,iSelect 미국 AI 소프트웨어 TOP10 지수(PR)
20260904,487230,iSelect 미국AI전력핵심인프라 지수(Price Return)
20260904,485540,KEDI 미국AI테크 TOP10 지수(PR)
20260904,483280,KEDI 미국 AI 테크 TOP10+15%프리미엄 지수(Total Return)
20260904,0225V0,Indxx US CPU Semiconductor TOP 10 Index (Price Return)
20260904,428560,Indxx US ETF Industry Top10 Index(Price Return)
20260904,379800,S&P 500
20260904,449180,S&P 500
20260904,453660,S&P Consumer Discretionary Select Sector Index(Price Return)
20260904,453650,S&P Financial Select Sector Index(Price Return)
20260904,0005A0,S&P 500 Covered Call 1% OTM Daily Index(TR)
20260904,276970,S&P500 Dividend Aristocrats Covered Call(7.2% Premium) Index
20260904,0026E0,S&P500 10% Buffered Index March Series (USD) TR
20260904,0068M0,S&P500 10% Buffered Index June Series (USD) TR
20260904,0089C0,Cboe S&P 500 Volatility Contingent Daily Covered Call Index(Total Retrun)
20260904,200030,S&P Select Sector Industrial Index
20260904,219480,S&P 500 Futures Total Return Index
20260904,0041E0,S&P 500
20260904,218420,S&P Select Sector Energy Index
20260904,463640,S&P Utilities Select Sector Index(Price Return)
20260904,463690,S&P Communication Services Select Sector Index(Price Return)
20260904,463680,S&P Technology Select Sector Index(Price Return)
20260904,453630,S&P Consumer Staples Select Sector Index(Price Return)
20260904,453640,S&P Health Care Select Sector Index(Price Return)
20260904,185680,S&P Biotechnology Select Industry Index
20260904,0028X0,iSelect 미국 차세대 파이낸셜 테크 지수(시장가격)
20260904,379810,NASDAQ 100
20260904,449190,NASDAQ 100
20260904,494300,NASDAQ-100 Daily Covered Call 101 Index(TR)
20260904,409820,NASDAQ 100
20260904,304940,NASDAQ 100
20260904,409810,NASDAQ 100
20260904,411420,Nasdaq CB Insights Metaverse US Index (Price Return)
20260904,455030,Bloomberg SOFR Daily Total Return Index
20260904,261240,미국달러선물지수
20260904,261250,미국달러선물지수
20260904,261270,미국달러선물지수
20260904,261260,미국달러선물지수
20260904,0144M0,iSelect 미국드론UAM TOP10 지수(Price Return)
20260904,280930,FTSE Russell 2000 Index
20260904,0048J0,KAP 미국 머니마켓 지수
20260904,390390,MVIS US Listed Semiconductor 25 Index
20260904,489250,Dow Jones U.S. Dividend 100 Price Return Index
20260904,483290,Dow Jones U.S. Dividend 100 10% Premium Covered Call Index(Total Return)
20260904,441640,S&P 500
20260904,352560,Dow Jones U.S. Real Estate PR Index
20260904,314250,NYSE U.S. Big TECH 10 INDEX
20260904,473460,iSelect 서학개미 지수(PR)
20260904,0144L0,NASDAQ 100
20260904,390400,S&P Kensho Smart Transportation
20260904,0167Z0,iSelect 미국우주항공지수(Price Return)
20260904,0132H0,iSelect 미국원자력SMR 지수(Price Return)
20260904,437080,Bloomberg MSCI US Aggregate 2bn ex Securitized SRI Capped Index(Total Return)
20260904,419420,Nasdaq Clean Edge Green Energy Index (Price Return)
20260904,491090,KEDI 미국테크TOP3플러스 지수(Price Return)
20260904,0038A0,iSelect 미국 휴머노이드 로봇 지수(Price Return)
20260904,244580,FnGuide 바이오 지수
20260904,091160,KRX 반도체
20260904,494310,KRX 반도체
20260904,0190G0,KRX 반도체 타겟 9% 분배 위클리 커버드콜 지수
20260904,0080G0,iSelect 방산 TOP10 지수(Price Return)
20260904,0100K0,iSelect 방산 TOP10 지수(Price Return)
20260904,325020,FnGuide SLV 배당가치 지수
20260904,244670,FnGuide 벨류 Plus 지수
20260904,140700,KRX 보험
20260904,102780,삼성그룹
20260904,213610,WISE 삼성그룹 밸류 인덱스
20260904,0177N0,Wise 삼성전자 SK하이닉스 채권혼합 지수
20260904,0193W0,KRX 삼성전자 지수
20260904,448330,Wise 삼성전자채권혼합 지수
20260904,325010,FnGuide 성장 지수(PR)
20260904,385510,FnGuide K-신재생에너지 플러스 지수
20260904,446690,iSelect 아시아반도체 제조동맹 지수(시장가격)
20260904,437070,Bloomberg MSCI EM Asia Investment Grade Credit SRI Index(Total Return)
20260904,117460,KRX 에너지화학
20260904,275300,MSCI Korea IMI Quality Capped
20260904,140710,KRX 운송
20260904,0098F0,iSelect 원자력SMR 지수(Price Return)
20260904,395150,FnGuide 웹툰&드라마 지수
20260904,456250,STOXX Europe Luxury 10 Index(Price Return)
20260904,400570,ICE EUA Carbon Futures Index(Excess Return)
20260904,144600,S&P GSCI Silver Index(TR)
20260904,091170,KRX 은행
20260904,453810,Nifty 50 Index
20260904,453820,Nifty 50 Index
20260904,0000H0,Nifty Midcap 100 Index(PR)
20260904,477730,Nifty India Corporate Group Index - Tata Group 25% Cap(PR)
20260904,114800,코스피 200 선물지수
20260904,101280,TOPIX100
20260904,352540,Tokyo Stock Exchange REIT Index
20260904,091180,KRX 자동차
20260904,385520,FnGuide K-미래차 지수
20260904,363570,"KAP 한국장기종합채권지수(AA-이상, 총수익)"
20260904,0209D0,Akros 한국 전고체 배터리 ESS TOP2 플러스 지수(Price Return)
20260904,0115D0,KRX 조선 TOP10
20260904,273130,KAP 한국종합채권지수
20260904,0153K0,Akros 주주환원 고배당 지수 (Price Return)
20260904,102970,KRX 증권
20260904,419430,MSCI China all shares IMI Select Batteries Index(Price Return)
20260904,169950,FTSE China A50 Index
20260904,0162L0,Indxx China AI Semiconductor Top 10 Index (Price Return)
20260904,428510,Bloomberg China Media & Tech Index PR
20260904,283580,CSI 300 Index
20260904,099140,Hang Seng China H
20260904,204450,Hang Seng China H
20260904,415340,STAR 50 Index(Price Return)
20260904,256750,SZSE ChiNext Price Index
20260904,0065G0,Hang Seng China Tech Top 10 Select Index (HKD) (Price Return)
20260904,372330,Hang Seng TECH Index
20260904,0048K0,Solactive China Humanoid Robotics Index (CNH) (Price Return)
20260904,117680,KRX 철강
20260904,279540,KRX 최소변동성지수
20260904,445150,FnGuide K-친환경 선박 지수
20260904,0231Z0,FnGuide 코리아 TDF 2065 지수
20260904,211900,코스피 배당성장 50
20260904,237370,배당성장채권혼합지수
20260904,495850,코리아 밸류업 지수
20260904,0115E0,KRX 코리아 소버린 AI 지수
20260904,373490,FnGuide K-이노베이션 지수
20260904,229200,코스닥 150
20260904,233740,코스닥 150
20260904,360150,코스닥150 롱 100% 코스피200 숏 100% 선물지수
20260904,251340,F-코스닥150 지수
20260904,461450,코스닥 글로벌 지수
20260904,226490,코스피
20260904,237350,코스피 100
20260904,359210,코스피 TR
20260904,337140,코스피 대형주
20260904,138920,S&P GSCI Soybeans Index(TR)
20260904,244660,FnGuide 퀄리티 Plus 지수
20260904,375770,KRX/S&P 탄소효율 그린뉴딜지수
20260904,459560,FactSet TSLA Value Chain Index(PR)
20260904,475080,KEDI 테슬라 인컴 프리미엄 밸런스드 지수(TR)
20260904,266410,KRX 필수소비재
20260904,298770,한국 대만 IT 프리미어지수
20260904,476800,KRX 부동산리츠인프라 지수
20260904,450190,KRX CSI 한·중 반도체지수
20260904,450180,KRX CSI 한·중 전기차지수
20260904,266420,KRX 헬스케어
20260904,364690,코스피
20260904,0204D0,Akros 현대차로보틱스 밸류체인 TOP3 플러스 지수 (PR)
20260904,487130,Solactive AI인프라 지수
20260904,0074K0,KEDI K수출핵심기업TOP30 지수(PR)
20260904,0222D0,코스피 200 고배당지수
20260904,0219B0,FnGuide 저궤도위성 & 광통신 인프라 지수
20260904,471040,iSelect 글로벌AI&로봇PR지수
20260904,0174B0,Solactive 글로벌AI메모리반도체 지수 (PR)
20260904,0132D0,KEDI 글로벌 K컬처밸류체인 지수(PR)
20260904,0020H0,FactSet 글로벌양자컴퓨팅 PR 지수
20260904,475070,Solactive 글로벌친환경전력인프라 PR지수
20260904,0015B0,나스닥 종합주가지수
20260904,0104H0,FnGuide 미국나스닥 금융채권혼합 지수
20260904,0186L0,iSelect 미국로봇피지컬AI지수
20260904,0113G0,Solactive 미국바이오헬스케어지수 PR
20260904,497780,Solactive 미국천연가스인프라 PR 지수
20260904,490330,Solactive 미국뇌질환치료제 PR 지수
20260904,462900,iSelect 바이오헬스케어 PR 지수
20260904,482030,iSelect 반도체&2차전지핵심소재 지수
20260904,476850,코스피
20260904,0051A0,FactSet 브로드컴밸류체인 지수
20260904,0150K0,FnGuide 수소전력ESS인프라 지수(PR)
20260904,0154H0,Solactive 차이나바이오헬스케어지수 PR
20260904,495230,코리아 밸류업 지수
20260904,0163Y0,코스닥
20260904,0193G0,코스피
20260904,0093D0,KEDI 팔란티어밸류체인지수(PR)
20260904,0232A0,KIS-Midas 머니마켓 지수(총수익)
20260904,0214M0,KRX 헬스케어
20260904,488290,Solactive Japan Tech Top 30 지수(PR)
20260904,438740,코스피 중형주
20260904,0191B0,코스닥
20260904,403790,코스피
20260904,152100,코스피 200
20260904,491220,코스피 200 TR
20260904,253150,코스피 200 선물지수
20260904,253160,코스피 200 선물지수
20260904,0203D0,코스피 200 KTB 혼합 위클리 고정 10% 커버드콜 지수
20260904,0210E0,코스피 200 위클리 고정 30% 커버드콜 지수
20260904,395750,FnGuide 한화 ESG 가치 지수
20260904,395760,FnGuide 한화 ESG 성장 지수
20260904,453010,KOFR 지수
20260904,429740,FnGuide 리츠 지수
20260904,449450,FnGuide K-방위산업 지수
20260904,0104G0,FnGuide K-방위산업 지수
20260904,0090B0,Akros K방산소부장 지수(PR)
20260904,0166S0,Akros K제조업 50 지수
20260904,269530,S&P Global Infrastructure Index
20260904,0226A0,Akros SK하이닉스 샌디스크 채권혼합 50 지수
20260904,433880,Morningstar Korea Lifetime Allocation Moderate 2060 Index (Gross Return)
20260904,251590,FnGuide 고배당저변동50 지수
20260904,161510,FnGuide 배당주 지수
20260904,0018C0,코스피 고배당 위클리 고정 커버드콜 지수
20260904,489030,코스피 고배당 위클리 콜매도 ATM 지수
20260904,251600,FnGuide 고배당 채권혼합 지수
20260904,461460,KAP 국고채 10년 동일가중 지수(총수익)
20260904,451600,KAP 국고채 30년 지수(총수익)
20260904,491230,KAP 국공채 MMF 지수(총수익)
20260904,289670,10년국채선물지수
20260904,298340,국채선물지수
20260904,442580,iSelect 글로벌HBM반도체 지수
20260904,189400,MSCI ACWI Index
20260904,496770,Solactive Global Defense Index(PR)
20260904,419650,BlueStar Hydrogen and NextGen Fuel Cell Index (시장가격)
20260904,0007G0,Solactive Global Nuclear Energy Value Chain Index(PR)
20260904,0166T0,iSelect 미국AI지적재산 지수(PR)
20260904,0035T0,iSelect 글로벌휴머노이드로봇 (PR)
20260904,415920,MVIS Global Rare Earth/Strategic Metals Index (Price Return)
20260904,0138Y0,Akros 미국 금현물 ETF 채권혼합 지수
20260904,278620,"KAP 투자적격 크레딧 채권 1년 지수(A- 이상,총수익)"
20260904,477050,KAP 시가평가 MMF 지수(총수익)
20260904,0050E0,Solactive US AI Agents Index(PR)
20260904,429760,S&P 500
20260904,269540,S&P 500
20260904,0057H0,S&P 500 and U.S. Treasury Bill 0-3 Month 50/50 Blend Index (USD)
20260904,494410,S&P 500 Growth Index(PR)
20260904,0153X0,Akros 미국 고배당주 20 지수
20260904,0089B0,Nasdaq-100 US T-Bills 1-3 Month 50/50 Index (USD)
20260904,287180,NASDAQ 100 Technology Sector Index
20260904,213630,Dow Jones U.S Select Dividend Index(시장가격지수)
20260904,332610,ICE BofaAML 1-3 Year AAA-A US Corporate Index(총수익지수)
20260904,456200,Solactive SOFR Daily Total Return Index
20260904,0078V0,KEDI 미국로보택시 지수(PR)
20260904,494420,Bloomberg U.S. Dividend Growth Partial Covered Call Index
20260904,0023B0,iSelect 미국양자컴퓨팅 TOP10 (PR)
20260904,332620,ICE BofaAML 15+ Year AAA-A US Corporate Index(총수익지수)
20260904,464470,ICE U.S. Treasury 20+ Year Bond Index(Total Return)
20260904,461900,iSelect 미국 Tech 10 지수
20260904,461910,iSelect 미국 Tech 10 지수
20260904,0193K0,KRX 삼성전자 지수
20260904,0193L0,KRX 삼성전자 선물 지수
20260904,195970,MSCI EAFE Index
20260904,238670,WISE-KAP 스마트베타 Quality 채권혼합지수
20260904,195980,MSCI EM Index
20260904,256450,SZSE ChiNext Price Index
20260904,447660,FnGuide 애플채권혼합 지수
20260904,239660,KOBI HALF CREDIT Index(총수익)
20260904,421320,iSelect 우주항공UAM 지수
20260904,0184N0,Akros 은 채권혼합 지수
20260904,464920,Solactive Japan Semiconductor Materials and Equipment Index PR
20260904,489000,KAP 일본 단기 국채 지수(총수익)
20260904,0098N0,FnGuide 고배당주 플러스 자사주 지수 (PR)
20260904,451000,"KAP 종합채권지수(AA-이상, 총수익)"
20260904,280920,FnGuide 주도업종 지수
20260904,0184L0,KIS 중기종합채권(A-이상) 지수(총수익)
20260904,266550,FnGuide 중형주저변동50지수
20260904,0047N0,Solactive China AI Tech Top10 Index(PR)
20260904,0128D0,HSTECH 15% Target Premium Weekly Covered Call Index
20260904,495040,코리아 밸류업 지수
20260904,301400,코스닥 150
20260904,0166N0,코스닥 150
20260904,227830,코스피
20260904,122090,코스피 50
20260904,328370,코스피 TR
20260904,457990,FnGuide 태양광 & ESS 지수
20260904,0132K0,Akros 테슬라 위클리 커버드콜 채권혼합 지수
20260904,0000J0,FnGuide 한화그룹주 지수
20260904,148020,코스피 200
20260904,361580,코스피 200 TR
20260904,290080,코스피 200 고배당커버드콜 ATM 지수(시장가격지수)
20260904,284980,코스피 200 금융
20260904,252400,코스피 200 선물지수
20260904,252410,코스피 200 선물지수
20260904,252420,코스피 200 선물지수
20260904,475720,코스피 200 위클리 커버드콜 ATM 지수
20260904,183700,코스피 200 KTB 혼합지수
20260904,0122W0,KAP 26-11 회사채(AA-이상) 총수익지수
20260904,465330,iSelect 2차전지 TOP10 지수(PR)
20260904,465350,iSelect 2차전지 TOP10 지수(PR)
20260904,422420,iSelect 2차전지 지수 (시장가격지수)
20260904,105780,MKF 5대그룹주
20260904,469070,iSelect AI&로봇 지수(시장가격)
20260904,0093A0,FnGuide AI반도체TOP10 지수
20260904,0101N0,KRX-Akros AI 전력인프라 지수
20260904,427120,FnGuide AI 플랫폼 지수
20260904,477080,FnGuide CD금리투자 지수(총수익)
20260904,290130,KRX ESG 사회책임경영지수(S)
20260904,326240,FnGuide IT플러스 지수
20260904,385560,KIS 국고채30년Enhanced지수(시장가격)
20260904,479520,KOFR 지수
20260904,270800,FnGuide KQ고배당포커스 지수
20260904,292050,KRX 300
20260904,388280,FnGuide K엔터&여행레저 지수
20260904,0192L0,KRX SK하이닉스 지수
20260904,442550,iSelect 전략적자산배분 TDF 2030 지수
20260904,442560,iSelect 전략적자산배분 TDF 2040 지수
20260904,442570,iSelect 전략적자산배분 TDF 2050 지수
20260904,234310,FnGuide 셀렉트 밸류 지수
20260904,241390,FnGuide 셀렉트벨류 채권혼합지수
20260904,300640,WISE 게임 테마 지수 (시장가격지수)
20260904,266160,FnGuide 고배당포커스 지수
20260904,481430,KAP 국고채 10년 지수(총수익)
20260904,114100,KTB INDEX(시장가격)
20260904,282000,국채선물지수
20260904,451670,KAP 국채30년 TR 지수(총수익)
20260904,295000,10년국채선물지수
20260904,295020,10년국채선물지수
20260904,432600,국채선물지수
20260904,0233N0,iSelect 글로벌AI낸드메모리반도체지수
20260904,0114X0,Solactive-KEDI 글로벌 게임 테크 TOP3 플러스 지수
20260904,437370,MVIS Global Agribusiness Index(Price Return)
20260904,375270,Kelly Data Center & Tech Infrastructure Net Total Return Index
20260904,475380,Solactive Global Realty Income Index(Price Return)
20260904,476310,KEDI 글로벌 비만 산업 Top2+ 지수(Price Return)
20260904,417450,Indxx Hydrogen Economy Index (PR)
20260904,442320,iSelect 글로벌원자력 지수(시장가격)
20260904,461490,Bloomberg Multi-Asset Weighted (KRW ETFs) 지수(시장가격)
20260904,459750,Bloomberg Global Equity Market Weighted Index(Price Return)
20260904,399580,S&P Global Clean Energy Transition Index (Price Return)
20260904,276650,S&P Global 1200 Information Technology and Interactive Media & Services(PR)
20260904,336160,KIS 종합채권금융채 2.5Y-3Y 지수 (총수익)
20260904,326230,FnGuide 내수주플러스 지수
20260904,367760,FnGuide 네트워크 인프라 지수
20260904,272560,KIS 종합채권국공채3M~1.5Y지수
20260904,385550,KIS 단기채권알파지수(AA-이상)(총수익지수)
20260904,196230,KIS 통안채 5개월 지수(총수익)
20260904,0061Z0,KAP 단기 특수은행채 지수(시장가격)
20260904,315960,WISE 대형고배당10 TR 지수
20260904,0138D0,FnGuide 동학개미 지수
20260904,455890,KIS 시가평가 MMF 지수 (총수익지수)
20260904,401170,iSelect 메타버스 지수(시장가격지수)
20260904,481340,Bloomberg U.S Treasury 20+ Year Total Return Index
20260904,472870,KIS 미국채30년 엔화노출 지수(USD/JPY 헤지)(총수익지수)
20260904,472830,Bloomberg U.S. Treasury 20+ Year (TLT) 2% OTM Covered Call Index(TR)
20260904,485690,KEDI 미국 AI 밸류체인 TOP3 Plus 지수(Price Return)
20260904,490590,KEDI 미국 AI밸류체인 90%참여+데일리옵션 프리미엄 지수(TR)
20260904,0176E0,Solactive US AI Electricity Infrastructure Index PR
20260904,0127R0,Akros 미국 AI 클라우드 인프라 지수(Price Return)
20260904,495940,Solactive US AI Tech Active Index PR
20260904,379780,S&P 500
20260904,453330,S&P 500
20260904,0138T0,S&P500 10% Daily Fixed Covered Call Index
20260904,0005C0,S&P500 Yen Hedged Index(PR)
20260904,460660,S&P Dividend Monarchs Index(Price Return)
20260904,219390,S&P Oil & Gas Exploration & Production Select Industry Index(PR)
20260904,0115C0,Dow Jones U.S. High Dividend 10 Index
20260904,354240,ICE BofAML Core Plus Fixed Rate Preferred Securities Index(PR)
20260904,368590,NASDAQ 100
20260904,437350,Bloomberg US Corporate 1-5 Years Total Return Index
20260904,455960,KAP SOFR 지수
20260904,469530,미국달러선물지수
20260904,469060,NYSE Semicondoctor Index(Price Return)
20260904,469050,NYSE Semicondoctor Index(Price Return)
20260904,491630,NYSE Semicondoctor Index(Price Return)
20260904,490600,KEDI 미국 배당100 90%참여+데일리옵션 프리미엄 지수(총수익지수)
20260904,0018Z0,Solactive US Quantum Computing Technology Index PR
20260904,0218J0,Akros 미국 우주-로봇 TOP2 채권혼합50 지수
20260904,0227K0,Indxx US Space Satellite Communications Index PR
20260904,0013P0,KEDI 미국 은행 TOP10 지수
20260904,267440,S&P U.S. Treasury Bond Futures Excess Return Index
20260904,267490,S&P U.S. Treasury Bond Futures Excess Return Index
20260904,267450,S&P U.S. Treasury Bond Futures Excess Return Index
20260904,0036Z0,Solactive US Natural Gas Value Chain Index PR
20260904,491620,KEDI 미국 테크100 90%참여+데일리옵션 프리미엄 지수(TR)
20260904,0036R0,KEDI 미국 휴머노이드 로봇 지수(시장가격)
20260904,0000Z0,KRX 바이오 TOP 10 지수
20260904,446700,iSelect 배터리 리사이클링 지수
20260904,475350,Solactive Berkshire Portfolio Top10 Index(PR)
20260904,388420,iSelect 비메모리반도체 지수(시장가격지수)
20260904,448630,Bloomberg Blended Samsung Group Fixed Top 3 Equity and Korean Bond Index
20260904,0162Z0,KAP 삼성전자SK하이닉스채권혼합50 지수
20260904,0192M0,KRX 삼성전자 지수
20260904,367770,FnGuide 수소 경제 테마 지수
20260904,140570,MKF 수출주 지수
20260904,0093B0,KEDI 엔비디아고정테크100 지수(PR)
20260904,140580,MKF 우량업종대표주 지수
20260904,379790,EURO STOXX 50 Index
20260904,498610,MarketVector Digital India Index(INR)(Price Return)			
20260904,488480,Solactive Japan Samurai Sector TOP4 Plus Index(PR)
20260904,385540,KIS 종합채권 지수(A-이상)(총수익지수)
20260904,183710,주식국채혼합(주식형)지수
20260904,310080,"MSCI China Index(USD, Price Return)"
20260904,463300,CSI 300 Index
20260904,174360,CSI A100
20260904,136340,KOBI 크레딧 지수(총수익)
20260904,281990,FnGuide 중소형고배당포커스 지수
20260904,272570,KIS 종합채권국공채4~5Y지수
20260904,0164G0,Solactive China AI Semiconductor TOP 4 Plus Index
20260904,250730,Hang Seng China H
20260904,291680,Hang Seng China Enterprises Futures Index(Price Return)
20260904,0094L0,Bloomberg China Tech Select TOP 10 + 12% Target Premium Weekly Index
20260904,371150,Hang Seng TECH Index
20260904,498860,iSelect 코리아 금융 고배당 지수
20260904,495050,코리아 밸류업 지수
20260904,0094M0,코리아 밸류업 위클리 커버드콜 30% 지수
20260904,0151P0,KAP 코리아전략산업지수
20260904,270810,코스닥 150
20260904,278240,F-코스닥150 지수
20260904,275750,F-코스닥150 지수
20260904,0223A0,코스닥 150 타겟 15% 위클리 커버드콜 지수
20260904,302450,코스피
20260904,0047P0,KEDI 테슬라고정테크100 지수(PR)
20260904,0013R0,KEDI 테슬라미국30년국채15%타겟프리미엄 혼합지수(TR)
20260904,449580,iSelect 테슬라 애플 아마존 채권혼합지수(Price Return)
20260904,334690,S&P GSCI Palladium Excess Return Index
20260904,334700,S&P GSCI Palladium Excess Return Index
20260904,0047R0,KEDI 팔란티어고정테크100 지수(PR)
20260904,253280,FnGuide 헬스케어 지수
20260904,253290,FnGuide 헬스케어 채권혼합 지수
20260904,0190C0,KEDI 현대차고정피지컬AI 지수
20260904,411540,코스피 200 Top 10 지수
20260904,295040,코스피 200 TR
20260904,0167B0,코스피 200 타겟 15% 위클리 커버드콜 지수
20260904,488980,"KAP 26-12 크레딧 채권지수(AA-이상, 총수익)"
20260904,0092C0,"KAP 27-12 크레딧 채권지수(AA-이상, 총수익)"
20260904,455860,FnGuide 2차전지 소부장 지수(PR)
20260904,0167A0,FnGuide AI반도체 TOP2 플러스 지수(PR)
20260904,455850,FnGuide AI 반도체 소부장 지수
20260904,497880,KAP CD&단기자금시장지수(PR)
20260904,363510,KIS 단기통안채 Index(총수익)
20260904,292500,KRX 300
20260904,404650,KRX 기후변화 솔루션지수
20260904,490480,KEDI K방산 지수(PR)
20260904,0197W0,KRX SK하이닉스 지수
20260904,0197X0,KRX SK하이닉스 선물 지수
20260904,438570,KAP 국고채10년지수(총수익지수)
20260904,474390,KAP 국고채30년 지수(TR)
20260904,438560,KAP 국고채3년지수(총수익지수)
20260904,0066W0,KEDI 국제금현물 ETF 가격지수(PR)
20260904,0022T0,KEDI 골드인컴프리미엄 지수(NTR)
20260904,423170,S&P Global Semiconductor Korea Tilted Index(PR)
20260904,400590,ICE Global Carbon Futures Index(Excess Return)
20260904,484880,FnGuide 금융지주플러스고배당 지수(PR)
20260904,484890,KAP 시가 MMF 지수(TR)
20260904,461600,KAP 미국채 20Y+ 지수(시장가격)
20260904,473330,KEDI 미국 국채 20년+ 커버드콜 지수(NTR)
20260904,494210,KEDI 미국퀄리티500+월1%프리미엄 지수(NTR)
20260904,479620,Solactive US AI Semiconductor Chip Makers Index(PR)
20260904,481180,KEDI 미국 AI 소프트웨어지수(PR)
20260904,486450,KEDI 미국AI전력인프라 지수(PR)
20260904,433330,S&P 500
20260904,399110,S&P500 Scored&Screened(PR)
20260904,0080X0,S&P 500 and iBoxx $ Treasuries 7-10Y 5050 Blend Index(USD) PR/TR Hybrid
20260904,499150,S&P500 Yen Hedged Index(PR)
20260904,447620,Solactive US TOP5 Balanced50 Index(PR)
20260904,476030,NASDAQ 100
20260904,0118S0,KEDI 미국넥스트테크TOP10(PR)
20260904,446720,Dow Jones U.S. Dividend 100 Price Return Index
20260904,452360,Dow Jones U.S. Dividend 100 Price Return Index
20260904,493420,Dow Jones U.S. Dividend 100 Index(TR)
20260904,490490,KRX 다우존스 미국배당국채 혼합지수
20260904,0023A0,KEDI 미국양자컴퓨팅 TOP10(PR)
20260904,0181L0,KEDI 미국우주항공 TOP10(PR)
20260904,0051G0,KEDI 미국원자력 SMR 지수(PR)
20260904,481190,Solactive US Tech TOP 10 Custom Index(PR)
20260904,475300,FnGuide 반도체 전공정 지수(PR)
20260904,475310,FnGuide 반도체 후공정 지수(PR)
20260904,0152E0,FnGuide 배당성향탑픽 지수(PR)
20260904,0207G0,Akros 우주항공밸류체인 지수(PR)
20260904,400580,S&P GSCI Carbon Emission Allowances(EUA)(EUR)ER
20260904,464610,FnGuide 의료기기소부장지수(PR)
20260904,466930,FnGuide 자동차TOP3플러스지수(PR)
20260904,464600,FnGuide 자동차소부장지수(PR)
20260904,0005D0,FnGuide 전고체배터리&실리콘음극재 지수(PR)
20260904,466920,FnGuide 조선TOP3플러스지수(PR)
20260904,0080Y0,FnGuide 조선TOP3플러스지수(PR)
20260904,0141S0,FnGuide 조선기자재 지수(PR)
20260904,436140,"KAP K-종합채권지수(AA-이상, 총수익)"
20260904,0141T0,"KAP K-중기종합채권지수(AA-이상,총수익)"
20260904,0016X0,KIS 중단기크레딧플러스채권(AA+~A-)지수(총수익)
20260904,220130,CSI 500 지수
20260904,0131A0,SOLACTIVE-KEDI CHINA CONSUMER TREND INDEX(PR)
20260904,415760,STAR 50 Index(Price Return)
20260904,413220,CSI Photovoltaic Industry Index(PR)
20260904,469830,KAP 단기자금시장지수
20260904,0105E0,FnGuide 코리아 고배당 지수(PR)
20260904,444200,KEDI 메가테크지수(PR)
20260904,495550,코리아 밸류업 TR 지수
20260904,450910,코스닥 150
20260904,0192T0,코스닥 TOP 10 지수
20260904,0192S0,코스피 200 KTB 혼합지수
20260904,0040X0,KEDI 팔란티어미국채커버드콜혼합지수(NTR)
20260904,0040Y0,KEDI 팔란티어커버드콜OTM 채권혼합지수(NTR)
20260904,0105D0,KEDI 한국AI소프트웨어 지수(PR)
20260904,0092B0,FnGuide 한국원자력 SMR 지수(PR)
20260904,429980,FactSet Global Electric Vehicle and Rechargeable Battery Korea-Tilted Index(PR)
20260904,0008T0,FnGuide 화장품TOP3 플러스 지수(PR)
20260904,0139F0,KIS 12월 만기 자동연장금융채(AA-이상) 총수익지수
20260904,102110,코스피 200
20260904,139260,코스피 200 정보기술
20260904,139220,코스피 200 건설
20260904,139290,코스피 200 경기소비재
20260904,139270,코스피 200 금융
20260904,227550,코스피 200 산업재
20260904,227560,코스피 200 생활소비재
20260904,139250,코스피 200 에너지/화학
20260904,139230,코스피 200 중공업
20260904,139240,코스피 200 철강/소재
20260904,227540,코스피 200 헬스케어
20260904,243880,코스피 200 정보기술
20260904,310960,코스피 200 TR
20260904,252000,코스피 200 동일가중지수
20260904,267770,코스피 200 선물지수
20260904,252710,코스피 200 선물지수
20260904,243890,코스피 200 에너지/화학
20260904,315270,코스피 200 커뮤니케이션서비스
20260904,289480,코스피 200 커버드콜 ATM 지수
20260904,166400,코스피 200 커버드콜 5% OTM
20260904,0104N0,코스피 200 타겟 7% 위클리 커버드콜 지수
20260904,480260,KIS 회사채2704만기형 지수 (총수익 지수)
20260904,0094K0,KIS 회사채 2804만기형 지수(총수익)
20260904,364980,KRX 2차전지 TOP 10 지수
20260904,412570,KRX 2차전지 TOP 10 지수
20260904,462010,FnGuide 2차전지소재 (Price Return) 지수
20260904,305540,WISE 2차전지 테마 지수
20260904,471760,iSelect AI반도체핵심공정지수
20260904,365040,코스피
20260904,364960,KRX BBIG 지수
20260904,412560,KRX BBIG 지수
20260904,475630,KIS CD 1Y 총수익지수
20260904,357870,KIS CD Index(총수익)
20260904,499660,KIS CD+CPI연동금리 월분배 지수
20260904,400970,FnGuide 메타버스테마 지수
20260904,377990,FnGuide 신재생에너지 지수
20260904,417630,KEDI 혁신기업ESG30 지수(시장가격 지수)
20260904,449170,KOFR 지수
20260904,292160,KRX 300
20260904,0072R0,KRX 금현물지수
20260904,404540,KRX 기후변화 솔루션지수
20260904,228820,KTOP 30
20260904,300610,WISE K게임 테마 지수
20260904,463250,iSelect K방산&우주
20260904,138530,MKF LG그룹+ FW
20260904,445910,MKF 배당귀족 지수(시장가격지수)
20260904,289260,MSCI Korea Country ESG Leaders Capped Index
20260904,289250,MSCI Korea ESG Universal Index
20260904,310970,MSCI Korea TR Index
20260904,269370,S&P Global Infrastructure Index
20260904,248270,S&P Global 1200 Health Care Index
20260904,0195S0,KRX SK하이닉스 지수
20260904,0025N0,S&P Korea Target Date 2045 Global Index
20260904,453950,FactSet TSMC 파운드리 밸류체인 지수(시장가격지수)
20260904,364990,KRX 게임 TOP 10 지수
20260904,139280,코스피 200 경기방어소비재
20260904,237440,경기방어소비재 채권혼합 지수
20260904,319640,S&P GSCI Gold Index(TR)
20260904,0190Y0,Akros Google Value Chain 지수 (Price Return)
20260904,160580,S&P GSCI Cash Copper Index
20260904,451530,KIS STRIP 30Y Index(총수익지수)
20260904,114820,KTB INDEX(시장가격)
20260904,275980,Morningstar Exponential Technologies Equal Weighted Select PR USD
20260904,464310,Indxx Global Robotics & Artificial Intelligence Thematic Index(PR)
20260904,418670,Indxx Cybersecurity 지수 (PR)
20260904,466950,Indxx Artificial Intelligence and Big Data 지수(PR)
20260904,491010,Mirae Asset AI Infrastructure 지수(PR)
20260904,412770,Indxx Global Metaverse Index (Price Return)
20260904,394670,Solactive Global Lithium 지수(PR)
20260904,440340,INDXX 멀티에셋인컴 지수(시장가격 지수)
20260904,476690,Indxx Global Obesity Treatment Top 2 Plus 지수 (시장가격)
20260904,480310,Mirae Asset Global On-Device AI 지수 (PR)
20260904,387270,NASDAQ 100
20260904,276000,MorningStar Global Upstream Resources Index(PR)
20260904,394660,Solactive Autonomous & Electric Vehicles 지수(PR)
20260904,371450,Indxx Global Cloud Computing Index(PR)
20260904,464930,Mirae Asset Global Innovative Bluechip Top 10 Index(PR)
20260904,139320,S&P GSCI Precious Metals Index(TR)
20260904,0168K0,KRX 기술이전 바이오 지수
20260904,137610,S&P GSCI Agriculture Enhanced Index(ER)
20260904,182490,iBoxx USD Liquid High Yield 0-5 year Index
20260904,272580,KIS MSB 6M PLUS 지수
20260904,157450,KIS MSB 6M(총수익)
20260904,105010,BNY Latin America 35 ADR
20260904,123320,코스피 200
20260904,174350,FnGuide Low Vol 지수
20260904,329200,FnGuide 리츠부동산인프라
20260904,0086C0,KEDI 리츠부동산인프라TOP10채권혼합지수 (Price Return)
20260904,0086B0,KEDI 리츠부동산인프라TOP10지수 (Price Return)
20260904,341850,KIS 리츠부동산인프라채권PR 지수
20260904,0043B0,KIS-미래에셋 MMF지수
20260904,147970,FnGuide 모멘텀 지수
20260904,458250,ICE BofA Long US Treasury Principal STRIPS Index
20260904,476550,KEDI 미국채30년 위클리 커버드콜30 지수(Total Return)
20260904,0142D0,Akros U.S. AI Data Center TOP4 Plus 지수(PR)
20260904,491830,Mirae Asset US AI Fabless 지수(PR)
20260904,490090,KEDI 미국AI빅테크10 지수(PR)
20260904,493810,KEDI 미국AI빅테크10+15%데일리프리미엄 지수(TR)
20260904,0102A0,Akros U.S. AI Software TOP4 Plus 지수 (Price Return)
20260904,0123G0,Akros U.S. AI Electricity SMR Index 지수(PR)
20260904,182480,MSCI US REIT Index
20260904,360750,S&P 500
20260904,448290,S&P 500
20260904,488500,S&P 500 Equal Weight Index(PR)
20260904,225040,S&P 500
20260904,429000,S&P 500 Dividend Aristocrats 지수 (Price Return)
20260904,143850,S&P 500 Futures Index(ER)
20260904,225030,S&P 500 Futures Total Return Index
20260904,482730,S&P500 10% Daily Premium Covered Call Index(TR)
20260904,133690,NASDAQ 100
20260904,448300,NASDAQ 100
20260904,418660,NASDAQ 100
20260904,435420,FnGuide 나스닥100채권혼합50 지수(총수익 지수)
20260904,441680,Cboe Nasdaq-100 BuyWrite V2 지수 (Total Return)
20260904,486290,NASDAQ 100 Daily Covered Call Target Premium 15% 지수(TR)
20260904,429010,Nasdaq Next Generation 100 지수 (Price Return)
20260904,203780,NASDAQ Biotechnology 지수(시장가격지수)
20260904,245340,Dow Jones Industrial Average
20260904,456610,Solactive SOFR Daily Total Return Index
20260904,329750,KIS U.S. TREASURY BOND 0-1Y 지수(총수익)
20260904,261110,미국달러선물지수
20260904,261120,미국달러선물지수
20260904,494840,Mirae Asset US Defense Top 10 Index(PR)
20260904,458730,Dow Jones U.S. Dividend 100 Price Return Index
20260904,0008S0,Dow Jones U.S. Dividend 100 10% Daily Premium Covered Call 지수
20260904,458750,DowJones U.S. Dividend 100 3% Premium Covered Call 지수 (TR)
20260904,458760,DowJones U.S. Dividend 100 7% Premium Covered Call 지수 (TR)
20260904,0015K0,Mirae Asset US Consumer Trend 지수 (PR)
20260904,0183J0,Akros U.S. Space Tech 지수(PR)
20260904,305080,S&P 10-Year U.S. Treasury Note Futures(ER)
20260904,0046A0,ICE 0-3 Month US Treasury Securities 지수
20260904,465670,Global X U.S. Cash Flow Kings 100 Index(PR)
20260904,0223R0,NYSE 100 지수(Price Return)
20260904,381170,Indxx US Tech Top 10 Index
20260904,472160,Indxx US Tech Top 10 Index
20260904,472170,FnGuide 미국테크TOP10 채권혼합지수
20260904,474220,Bloomberg U.S. Tech Top10+10% Premium Covered Call Index
20260904,458260,iBoxx USD Liquid Investment Grade Index(Price Return)
20260904,497570,PHLX US AI Semiconductor 지수 (PR)
20260904,381180,PHLX Semiconductor Sector Index
20260904,423920,PHLX Semiconductor Sector Index
20260904,228810,WISE 미디어컨텐츠 지수
20260904,364970,KRX 바이오 TOP 10 지수
20260904,091230,KRX 반도체
20260904,396500,FnGuide 반도체TOP10 지수
20260904,488080,FnGuide 반도체TOP10 지수
20260904,0177R0,FnGuide 반도체 TOP10 Capped 지수(Price Return)
20260904,211560,코스피 배당성장 50
20260904,472150,코스피 200 커버드콜 5% OTM
20260904,138520,MKF SAMs FW
20260904,0233J0,KRX 삼성전자 SK하이닉스 미국채 혼합지수
20260904,0195R0,KRX 삼성전자 지수
20260904,157490,FnGuide 소프트웨어 지수
20260904,0000D0,KEDI 엔비디아미국채30년타겟커버드콜혼합지수(TR)
20260904,228800,WISE 여행레저 지수
20260904,227570,FnGuide 퀄리티밸류 지수
20260904,438330,KIS 투자등급회사채 지수(총수익)
20260904,261140,코스피 우선주 지수
20260904,130680,S&P GSCI Crude Oil Enhanced Index ER
20260904,217770,S&P GSCI Crude Oil Index ER
20260904,195930,EURO STOXX 50 Index
20260904,225050,EURO STOXX 50 Index
20260904,245350,Euro STOXX Select Dividend 30
20260904,0189B0,ICE Silver Spot 지수 (시장가격)
20260904,091220,KRX 은행
20260904,466940,FnGuide 은행고배당플러스TOP10 지수(시장가격 지수)
20260904,307510,FnGuide 의료기기 지수
20260904,225060,MSCI EM Index
20260904,453870,Nifty 50 Index
20260904,236350,Nifty 50 Index
20260904,479730,Mirae Asset India Billion Consumer 지수(PR)
20260904,123310,코스피 200 선물지수
20260904,365000,KRX 인터넷 TOP 10 지수
20260904,195920,TOPIX
20260904,241180,Nikkei 225
20260904,465660,FactSet Japan Semiconductor Index(PR)
20260904,292560,엔선물지수
20260904,494670,iSelect 조선TOP10 Index(PR)
20260904,451540,KIS 종합채권 AA-이상 총수익 지수(Total return Index)
20260904,150460,FnGuide 중국내수테마 지수
20260904,0192Z0,NICE 중기종합채권(A-이상)(총수익지수)
20260904,302190,KIS 국채 3-10년 지수(시장가격지수)
20260904,157500,FnGuide 증권 지수
20260904,307520,FnGuide 지주회사 지수
20260904,0067Y0,"Mirae Asset China AI Software 지수 (Price Return, HKD)"
20260904,192090,CSI 300 Index
20260904,204480,CSI 300 Index
20260904,217780,CSI 300 Index
20260904,245360,Hang Seng China H
20260904,414780,STAR 50 Index(Price Return)
20260904,0067V0,"Solactive-KEDI 차이나글로벌리더스TOP3플러스 지수 (Price Return, CNH)"
20260904,371470,Solactive China Biotech Index(PR)
20260904,396520,FactSet China Semiconductor 지수(PR)
20260904,371460,Solactive China Electric Vehicle and Battery Index(PR)
20260904,456680,Solactive China Electric Vehicle and Battery Index(PR)
20260904,0133E0,Solactive China Securities Index (Price Return)
20260904,396510,Solactive China Clean Energy 지수(PR)
20260904,0047A0,Mirae Asset China Tech Top 10 지수 (Price Return)
20260904,117690,Hang Seng China (Hong Kong-listed) 30 Index
20260904,371160,Hang Seng TECH Index
20260904,438320,Hang Seng TECH Index
20260904,0053L0,Mirae Asset China Humanoid Robot 지수(PR)
20260904,0117V0,KEDI 코리아AI전력기기TOP3플러스 지수
20260904,292150,FnGuide TOP10 지수
20260904,0052D0,Dow Jones Korea Dividend 30 지수 (Price Return)
20260904,0104P0,KRX 다우존스 코리아 배당 30 타겟 7% 위클리 커버드콜 지수
20260904,496080,코리아 밸류업 지수
20260904,0091P0,iSelect 코리아 원자력 지수 (Price Return)
20260904,471780,KRX 정보기술
20260904,0148J0,KEDI 코리아 휴머노이드로봇산업 지수 (PR)
20260904,232080,코스닥 150
20260904,233160,코스닥 150
20260904,261060,코스닥 150 정보기술
20260904,261070,코스닥 150 헬스케어
20260904,250780,F-코스닥150 지수
20260904,461580,코스닥 글로벌 지수
20260904,0204S0,코스닥
20260904,277630,코스피
20260904,210780,코스피 고배당 50
20260904,277640,코스피 대형주
20260904,277650,코스피 중형주
20260904,376410,KRX/S&P 탄소효율 그린뉴딜지수
20260904,447770,FnGuide 테슬라채권혼합 지수
20260904,0060H0,FTSE Global All Cap Index(PR)
20260904,387280,FnGuide 퓨처모빌리티 지수
20260904,449690,KRX CSI 한·중 반도체지수
20260904,449680,KRX CSI 한·중 전기차지수
20260904,143860,KRX 헬스케어
20260904,138540,MKF 현대차그룹+ FW
20260904,228790,WISE 화장품 지수
20260904,441800,코스피 200
20260904,463050,KRX 헬스케어
20260904,404120,KRX 기후변화 솔루션지수
20260904,385710,KRX BBIG 지수
20260904,410870,FnGuide K-컬처 지수
20260904,456600,Solactive Global Artificial Intelligence 지수
20260904,485810,KEDI 글로벌 불로장생바이오 지수(원화환산)
20260904,494180,Solactive 뉴에이지컨수머지수
20260904,478150,Solactive Aerospace and Defense USD Index PR
20260904,0113D0,"Bloomberg World Large, Mid & Small cap PR Index"
20260904,0185L0,Solactive Global AI Humanoid Robotics 지수(원화환산)(PR)
20260904,426020,S&P 500
20260904,426030,NASDAQ 100
20260904,0019K0,FnGuide 미국나스닥100 단기채권혼합 지수
20260904,0043Y0,Solactive China Artificial Intelligence 지수(원화환산)(PR)
20260904,495060,코리아 밸류업 지수
20260904,0162Y0,코스닥
20260904,385720,코스피
20260904,108590,코스피 200
20260904,145850,FnGuide-RAFI 코리아200 지수
20260904,472720,코스피 200
20260904,496130,코리아 밸류업 지수
20260904,0184V0,FnGuide K-바이오 밸런스드 지수
20260904,433250,코스피 200
20260904,494220,FnGuide SK하이닉스밸류체인 지수
20260904,470310,iSelect AI 지수
20260904,476000,iSelect 포스트 IPO 지수
20260904,448100,코스피 200
20260904,413930,MK-iSelect AI ESG 지수(시장가격지수)
20260904,0088N0,DeepSearch 외인수급 Top20 지수
20260904,458030,KAP 국공채 머니마켓 총수익 지수
20260904,426150,KAP 한국 국고채 총수익 지수
20260904,0177A0,iSelect 두산그룹 포커스 지수
20260904,444490,S&P 500
20260904,489290,Bloomberg US Billionaires Investment Select Index(PR)
20260904,440910,S&P Aerospace & Defense Select Industry Index(PR)
20260904,474590,FnGuide 반도체 밸류체인 (Price Return) 지수
20260904,0203S0,KAP 삼성전자현대차채권혼합지수
20260904,496020,KIS 전단채플러스 TR 지수
20260904,488720,KIS 종합채권시장 총수익지수(AA-이상)
20260904,0203R0,KAP 중단기 종합채권 총수익 지수(A-이상)
20260904,0154F0,iSelect 초대형IB&금융지주 지수
20260904,0226G0,FnGuide 피지컬AI TOP2플러스 지수
20260904,480460,DeepSearch 한국부동산TOP3플러스 지수
20260904,0053M0,코스피 200 중소형주지수
20260904,0112X0,코스피 200 TR
20260904,465780,KAP 26-09 특수채 지수(총수익)
20260904,0191M0,KAP 5월 만기자동연장 특수채(AAA) 총수익 지수
20260904,0222F0,KAP AI데이터센터밸류체인지수
20260904,442260,코스피 200
20260904,0001P0,FnGuide 바이오시밀러&CDMO 지수
20260904,0229F0,FnGuide 신약포커스바이오 지수
20260904,159800,코스피 100
20260904,0007N0,코스피 200
20260904,462340,S&P 500
20260904,433220,S&P 500
20260904,451150,S&P 500
20260904,477490,MSCI World
20260904,407830,S&P 500
20260904,0002C0,MSCI India IMI Index(PR)
20260904,474920,"MSCI China Index(USD, Price Return)"
20260904,442090,FnGuide 대장장이 지수(Price Return)
20260904,407820,FnGuide 플랫폼 지수(Price Return)
20260904,152870,코스피 200
20260904,491510,FnGuide K-주주가치 지수
20260904,192720,코스피 200 고배당지수
20260904,498180,"KIS 한국종합채권지수(AA-이상, 총수익)"
20260904,140950,코스피 100
