{
    "version": "1.0",
    "description": "Machine-Readable Execution Plan (Phase C-P.5)",
    "plans": {
        "REQUEST_RECONCILE": {
            "cmd": [
                "python",
                "-m",
                "app.reconcile"
            ],
            "module": "app/reconcile.py",
            "description": "Run Phase C Reconciler"
        },
        "REQUEST_REPORTS": {
            "cmd": [
                "python",
                "-m",
                "app.generate_reports"
            ],
            "module": "app/generate_reports.py",
            "description": "Generate Phase C Reports"
        }
    }
}